unitid,institution name,year,HD2017.Carnegie Classification 2015: Basic,F1617_F2.Instruction-Total amount,F1617_F2.Research-Total amount,F1617_F2.Public service-Total amount,F1617_F2.Academic support-Total amount,F1617_F2.Student service-Total amount,F1617_F2.Institutional support-Total amount,F1617_F2.Auxiliary enterprises-Total amount,F1617_F2.Net grant aid to students-Total amount,F1617_F2.Hospital services-Total amount,F1617_F2.Independent operations-Total Amount,F1617_F2.Other expenses-Total amount,F1617_F2.Total expenses-Total amount,F1617_F1A.Instruction - Current year total,F1617_F1A.Research - Current year total,F1617_F1A.Public service - Current year total,F1617_F1A.Academic support - Current year total,F1617_F1A.Student services - Current year total,F1617_F1A.Institutional support - Current year total,F1617_F1A.Scholarships and fellowships expenses -- Current year total,F1617_F1A.Auxiliary enterprises -- Current year total,F1617_F1A.Hospital services - Current year total,F1617_F1A.Independent operations - Current year total,F1617_F1A.Other expenses  deductions - Current year total,F1617_F1A.Total expenses and deductions - Current year total
100663,University of Alabama at Birmingham,2017,Doctoral Universities: Highest Research Activity,,,,,,,,,,,,,310526699,297969696,172938412,186799868,50272077,141993355,26559328,80311188,1594590616,0,0,2861961239
100706,University of Alabama in Huntsville,2017,Doctoral Universities: Higher Research Activity,,,,,,,,,,,,,69698533,72967940,7658531,13383035,20998648,24831258,2544291,10010801,0,0,4919203,227012240
100751,The University of Alabama,2017,Doctoral Universities: Higher Research Activity,,,,,,,,,,,,,387462769,67367003,56657076,102000404,66997986,125280253,24573373,224316891,0,0,3827270,1058483025
100858,Auburn University,2017,Doctoral Universities: Higher Research Activity,,,,,,,,,,,,,325435648,162394740,114010251,83876749,41103672,86508701,17302730,197132041,0,0,1,1027764533
102094,University of South Alabama,2017,Doctoral Universities: Higher Research Activity,,,,,,,,,,,,,140231000,32638000,2421000,30704000,45980000,44915000,11281000,26377000,446364000,0,1065000,781976000
102614,University of Alaska Fairbanks,2017,Doctoral Universities: Higher Research Activity,,,,,,,,,,,,,94734553,140780625,39296195,39315005,23992991,33365198,7854674,20339888,0,0,8946625,408625754
104151,Arizona State University-Tempe,2017,Doctoral Universities: Highest Research Activity,,,,,,,,,,,,,810656000,267303000,35378000,294706000,123377000,152226000,187124000,154794000,0,0,316906000,2342470000
104179,University of Arizona,2017,Doctoral Universities: Highest Research Activity,,,,,,,,,,,,,506363000,457573000,96417000,341961000,59420000,165528000,54884000,271958000,0,0,0,1954104000
104717,Grand Canyon University,2017,Doctoral Universities: Moderate Research Activity,,,,,,,,,,,,,,,,,,,,,,,,
105330,Northern Arizona University,2017,Doctoral Universities: Higher Research Activity,,,,,,,,,,,,,219729149,43969089,32567608,50317362,63906367,73312216,35289871,53775300,0,0,53095,572920057
106245,University of Arkansas at Little Rock,2017,Doctoral Universities: Moderate Research Activity,,,,,,,,,,,,,65268925,12671502,27762137,24076808,10817259,20934199,14759623,17931856,0,0,47186,194269495
106397,University of Arkansas,2017,Doctoral Universities: Highest Research Activity,,,,,,,,,,,,,249330269,150992905,97343130,54932051,35117499,71087297,20764570,177650444,0,0,13384490,870602655
109785,Azusa Pacific University,2017,Doctoral Universities: Moderate Research Activity,91036863,8336670,0,20488158,37501748,45078456,17221158,0,0,0,29574406,249237459,,,,,,,,,,,,
110097,Biola University,2017,Doctoral Universities: Moderate Research Activity,58611000,2764000,3822000,13925000,21206000,31760000,29353000,0,0,0,0,161441000,,,,,,,,,,,,
110316,California Institute of Integral Studies,2017,Doctoral Universities: Moderate Research Activity,14426781,0,1663738,1506364,2523636,9442515,415402,0,0,0,0,29978436,,,,,,,,,,,,
110404,California Institute of Technology,2017,Doctoral Universities: Highest Research Activity,221509377,250007144,0,47741738,20969438,77154983,36386807,0,0,2284060142,41012108,2978841737,,,,,,,,,,,,
110468,Alliant International University-San Diego,2017,Doctoral Universities: Moderate Research Activity,,,,,,,,,,,,,,,,,,,,,,,,
110556,California State University-Fresno,2017,Doctoral Universities: Moderate Research Activity,,,,,,,,,,,,,147174119,2990546,4908622,40151419,52761525,40165289,60705068,5226685,0,0,39120775,393204048
110565,California State University-Fullerton,2017,Doctoral Universities: Moderate Research Activity,,,,,,,,,,,,,226898077,1045855,713064,45939471,46890920,90875075,68794311,26770183,0,0,63399346,571326302
110635,University of California-Berkeley,2017,Doctoral Universities: Highest Research Activity,,,,,,,,,,,,,824276982,670915176,92339320,203147970,236284242,287120932,135583477,272764377,0,0,165478439,2887910915
110644,University of California-Davis,2017,Doctoral Universities: Highest Research Activity,,,,,,,,,,,,,924248577,646869529,107524960,326360828,163251389,182280222,87817202,167833071,1945715423,0,36880683,4588781884
110653,University of California-Irvine,2017,Doctoral Universities: Highest Research Activity,,,,,,,,,,,,,759765388,339377264,18190515,213353128,112592499,94820102,83665967,251837487,1049794617,0,337934848,3261331815
110662,University of California-Los Angeles,2017,Doctoral Universities: Highest Research Activity,,,,,,,,,,,,,2245090004,913465552,149357806,765903216,190642408,289055998,120936971,584853775,2186711241,0,158476989,7604493960
110671,University of California-Riverside,2017,Doctoral Universities: Highest Research Activity,,,,,,,,,,,,,331310868,144760983,10631973,61956940,95140373,78572712,61975586,129415151,0,0,6381414,920146000
110680,University of California-San Diego,2017,Doctoral Universities: Highest Research Activity,,,,,,,,,,,,,957956318,917480675,28628276,527582269,150776847,221964953,63156923,335460648,1578911013,0,9970078,4791888000
110705,University of California-Santa Barbara,2017,Doctoral Universities: Highest Research Activity,,,,,,,,,,,,,309341669,208330138,15758439,77077007,106287816,83430312,87013601,170197618,0,0,6610400,1064047000
110714,University of California-Santa Cruz,2017,Doctoral Universities: Highest Research Activity,,,,,,,,,,,,,196164517,113177140,21464522,49451074,94900273,60266628,41775904,155881846,0,0,60170096,793252000
112251,Claremont Graduate University,2017,Doctoral Universities: Higher Research Activity,34017415,6950948,961665,6868782,4900623,11767407,2767582,1043519,0,0,0,69277941,,,,,,,,,,,,
114549,Fielding Graduate University,2017,Doctoral Universities: Moderate Research Activity,10121188,780337,0,2146255,3010214,5321544,4460,0,0,0,0,21383998,,,,,,,,,,,,
117140,University of La Verne,2017,Doctoral Universities: Moderate Research Activity,64543946,0,0,17026139,20255198,39949761,7439378,0,0,0,0,149214422,,,,,,,,,,,,
119678,Naval Postgraduate School,2017,Doctoral Universities: Higher Research Activity,,,,,,,,,,,,,,,,,,,,,,,,
120883,University of the Pacific,2017,Doctoral Universities: Moderate Research Activity,146720435,14464355,0,27851212,24947227,83453942,32209754,0,0,0,1310358,330957283,,,,,,,,,,,,
121150,Pepperdine University,2017,Doctoral Universities: Moderate Research Activity,92999000,2765000,16066000,58838000,56288000,66703000,28496000,0,0,0,0,322155000,,,,,,,,,,,,
122409,San Diego State University,2017,Doctoral Universities: Higher Research Activity,,,,,,,,,,,,,214617564,5639049,4647118,66916835,95460438,38811324,35791617,48275760,0,0,61513669,571673374
122436,University of San Diego,2017,Doctoral Universities: Moderate Research Activity,127852000,3883000,8126000,34676000,40808000,58796000,47020000,0,0,0,0,321161000,,,,,,,,,,,,
122597,San Francisco State University,2017,Doctoral Universities: Moderate Research Activity,,,,,,,,,,,,,198766623,16994554,3392773,48745777,39365566,51466853,45477448,47857530,0,0,53068263,505135387
122612,University of San Francisco,2017,Doctoral Universities: Moderate Research Activity,181516000,2708000,2247000,36527000,50067000,61483000,32846000,0,0,0,0,367394000,,,,,,,,,,,,
123961,University of Southern California,2017,Doctoral Universities: Highest Research Activity,1926267000,415673000,55859000,73273962,264817000,482515000,252785000,0,899479038,0,0,4370669000,,,,,,,,,,,,
125231,Walden University,2017,Doctoral Universities: Moderate Research Activity,,,,,,,,,,,,,,,,,,,,,,,,
126562,University of Colorado Denver/Anschutz Medical Campus,2017,Doctoral Universities: Higher Research Activity,,,,,,,,,,,,,546894415,329235949,104352506,77507343,29323258,74392066,4696494,27119389,834057129,0,1690484,2029269033
126614,University of Colorado Boulder,2017,Doctoral Universities: Highest Research Activity,,,,,,,,,,,,,534528412,430295062,11513910,126361362,56928411,101071995,13364530,257425192,0,0,2911030,1534399904
126775,Colorado School of Mines,2017,Doctoral Universities: Higher Research Activity,,,,,,,,,,,,,94588881,60274411,1100916,24696703,9851851,28088688,1381141,34877458,0,0,92810775,347670824
126818,Colorado State University-Fort Collins,2017,Doctoral Universities: Highest Research Activity,,,,,,,,,,,,,284593336,198977757,108267705,79334614,32423268,49956028,12338268,136127832,0,0,342392926,1244411734
127060,University of Denver,2017,Doctoral Universities: Higher Research Activity,165797017,15589118,10681943,72227604,55363236,64015484,37373819,0,0,0,0,421048221,,,,,,,,,,,,
127741,University of Northern Colorado,2017,Doctoral Universities: Higher Research Activity,,,,,,,,,,,,,108901662,4899794,2244577,30781878,39673152,30577346,13540083,36677559,0,0,0,267296051
129020,University of Connecticut,2017,Doctoral Universities: Highest Research Activity,,,,,,,,,,,,,609272233,170873992,88555977,175400062,44633150,132437338,10498572,308016824,378997094,250835639,315909723,2485430604
129525,University of Hartford,2017,Doctoral Universities: Moderate Research Activity,88773000,2904000,0,3447000,21663000,28963000,35398000,0,0,0,0,181148000,,,,,,,,,,,,
130794,Yale University,2017,Doctoral Universities: Highest Research Activity,1691480129,505557673,57217227,340101761,241078094,239391736,0,98647724,0,0,307045656,3480520000,,,,,,,,,,,,
130943,University of Delaware,2017,Doctoral Universities: Highest Research Activity,419268809,149350047,48666017,76380449,41147069,96509154,116340087,7233183,0,0,1505904,956400719,,,,,,,,,,,,
131113,Wilmington University,2017,Doctoral Universities: Moderate Research Activity,42690337,0,0,10768937,19662754,23513225,4805322,1260385,0,0,0,102700960,,,,,,,,,,,,
131159,American University,2017,Doctoral Universities: Higher Research Activity,182002000,50830000,27726000,59629000,44929000,94070000,75531000,0,0,0,0,534717000,,,,,,,,,,,,
131283,Catholic University of America,2017,Doctoral Universities: Higher Research Activity,101459060,14939441,2479269,19301608,28888229,29167213,28573180,0,0,0,0,224808000,,,,,,,,,,,,
131469,George Washington University,2017,Doctoral Universities: Highest Research Activity,526045000,193102000,0,180164000,104911000,127020000,94290000,16311000,0,35055000,0,1276898000,,,,,,,,,,,,
131496,Georgetown University,2017,Doctoral Universities: Highest Research Activity,489022000,194556000,12781000,181078000,134425000,132771000,49183000,39000,0,0,130055000,1323910000,,,,,,,,,,,,
131520,Howard University,2017,Doctoral Universities: Higher Research Activity,200737000,40555000,11079000,36441000,30037000,169187000,65635000,0,207804000,33327000,0,794802000,,,,,,,,,,,,
132471,Barry University,2017,Doctoral Universities: Moderate Research Activity,78589827,0,0,6289710,13704242,34476680,12536901,0,0,0,0,145597360,,,,,,,,,,,,
132903,University of Central Florida,2017,Doctoral Universities: Highest Research Activity,,,,,,,,,,,,,386150770,143499859,10160444,80945933,62049748,131078655,89930504,117540569,0,0,38684078,1060040560
133650,Florida Agricultural and Mechanical University,2017,Doctoral Universities: Higher Research Activity,,,,,,,,,,,,,83541069,27969451,463201,47334076,8598699,46082795,23594642,32994985,0,0,10983247,281562165
133669,Florida Atlantic University,2017,Doctoral Universities: Higher Research Activity,,,,,,,,,,,,,182753350,49871432,5928934,60927664,20254093,49231799,48505403,119623006,0,0,20981606,558077287
133881,Florida Institute of Technology,2017,Doctoral Universities: Higher Research Activity,65380394,12518067,0,11689238,19015096,28936280,36090712,0,0,0,0,173629787,,,,,,,,,,,,
133951,Florida International University,2017,Doctoral Universities: Highest Research Activity,,,,,,,,,,,,,348796673,125732575,15059749,121580099,77693051,105800598,88603383,74792004,0,0,15306062,973364194
134097,Florida State University,2017,Doctoral Universities: Highest Research Activity,,,,,,,,,,,,,399267209,172879450,42202363,106206177,60229556,74271162,83229398,179125075,0,0,50340309,1167750699
134130,University of Florida,2017,Doctoral Universities: Highest Research Activity,,,,,,,,,,,,,782407000,710430000,706931000,221509000,45361000,166381000,81436000,135086000,0,0,61359000,2910900000
135726,University of Miami,2017,Doctoral Universities: Highest Research Activity,512004603,240086592,146765673,145289459,52212278,178118029,199092049,0,888787451,0,647442617,3009798751,,,,,,,,,,,,
136215,Nova Southeastern University,2017,Doctoral Universities: Higher Research Activity,299201181,20093694,6223944,91952209,33162208,83602425,59695654,164405,0,0,0,594095720,,,,,,,,,,,,
137148,Argosy University-Sarasota,2017,Doctoral Universities: Moderate Research Activity,,,,,,,,,,,,,,,,,,,,,,,,
137351,University of South Florida-Main Campus,2017,Doctoral Universities: Highest Research Activity,,,,,,,,,,,,,356587234,322671573,7354583,130172115,47576041,88005723,61114011,171743413,0,0,61903784,1247128477
138354,The University of West Florida,2017,Doctoral Universities: Moderate Research Activity,,,,,,,,,,,,,65456485,15270223,49045018,29606533,13277150,20648511,18124250,18618040,0,0,8472050,238518260
138947,Clark Atlanta University,2017,Doctoral Universities: Higher Research Activity,27324263,7347457,1797356,9255099,9631175,23310590,14146950,0,0,0,0,92812890,,,,,,,,,,,,
139658,Emory University,2017,Doctoral Universities: Highest Research Activity,706683000,490305000,101845000,146470000,86493000,199057000,41689999,17668000,3145643000,22062000,-23016792,4934899207,,,,,,,,,,,,
139755,Georgia Institute of Technology-Main Campus,2017,Doctoral Universities: Highest Research Activity,,,,,,,,,,,,,334572574,809284188,69816649,63937640,42422684,118159801,16342204,106778713,0,0,0,1561314453
139931,Georgia Southern University,2017,Doctoral Universities: Moderate Research Activity,,,,,,,,,,,,,123532205,17557037,2035098,40791310,31017757,46835078,8607839,97254140,0,0,0,367630464
139940,Georgia State University,2017,Doctoral Universities: Highest Research Activity,,,,,,,,,,,,,228402723,187852347,24599887,85696323,47821774,34932636,33178004,86033372,0,0,0,728517066
139959,University of Georgia,2017,Doctoral Universities: Highest Research Activity,,,,,,,,,,,,,366610999,439286694,190886502,122207918,56758700,105182944,35832726,193963375,0,0,1,1510729859
140447,Mercer University,2017,Doctoral Universities: Moderate Research Activity,101853633,29213225,1294763,28625594,25895960,24415317,51255100,0,0,0,2687682,265241274,,,,,,,,,,,,
141264,Valdosta State University,2017,Doctoral Universities: Moderate Research Activity,,,,,,,,,,,,,66416916,242782,1915488,15938766,23358670,26315939,11460212,36502233,0,0,0,182151006
141334,University of West Georgia,2017,Doctoral Universities: Moderate Research Activity,,,,,,,,,,,,,82586708,2137669,368946,22476435,18360457,24689398,8542569,53362367,0,0,0,212524549
141574,University of Hawaii at Manoa,2017,Doctoral Universities: Highest Research Activity,,,,,,,,,,,,,351195455,245313841,60242747,91442546,40000332,29572637,15988269,121421350,0,0,83694065,1038871242
142115,Boise State University,2017,Doctoral Universities: Moderate Research Activity,,,,,,,,,,,,,130755839,30392519,18843984,35900837,20051649,33237198,20834602,87800556,0,0,10602374,388419558
142276,Idaho State University,2017,Doctoral Universities: Moderate Research Activity,,,,,,,,,,,,,119826361,20279844,4608430,23215219,11509312,27911329,13395827,28014090,0,0,103284,248863696
142285,University of Idaho,2017,Doctoral Universities: Higher Research Activity,,,,,,,,,,,,,112841481,79465222,36133356,16683358,24428261,42250515,23176051,36163576,0,0,32828415,403970235
144050,University of Chicago,2017,Doctoral Universities: Highest Research Activity,1328176085,377283827,0,109359274,101572062,263215596,224958883,0,0,1197058820,20435964,3622060511,,,,,,,,,,,,
144740,DePaul University,2017,Doctoral Universities: Moderate Research Activity,258982000,11336000,10189000,60672000,66916000,72876000,58747000,0,0,0,0,539718000,,,,,,,,,,,,
145600,University of Illinois at Chicago,2017,Doctoral Universities: Highest Research Activity,,,,,,,,,,,,,884436414,303298597,257574830,217463226,72228081,66538235,85779944,147519611,1055786051,3896411,0,3094521400
145619,Benedictine University,2017,Doctoral Universities: Moderate Research Activity,37201740,290190,1230646,8890505,27273833,18479771,1731037,0,0,0,10003,95107725,,,,,,,,,,,,
145637,University of Illinois at Urbana-Champaign,2017,Doctoral Universities: Highest Research Activity,,,,,,,,,,,,,769556147,565535323,250293244,397473454,159931105,83081189,207954452,337879649,0,8380611,0,2780085174
145725,Illinois Institute of Technology,2017,Doctoral Universities: Higher Research Activity,81017000,75809000,0,17861000,18220000,58530000,20211000,0,0,0,0,271648000,,,,,,,,,,,,
145770,Argosy University-Chicago,2017,Doctoral Universities: Moderate Research Activity,,,,,,,,,,,,,,,,,,,,,,,,
145813,Illinois State University,2017,Doctoral Universities: Higher Research Activity,,,,,,,,,,,,,303169210,17075134,13371767,25036846,48625162,50500567,56740837,76480481,0,0,823905,591823909
146719,Loyola University Chicago,2017,Doctoral Universities: Higher Research Activity,187235288,24829737,16411118,71872357,55327319,123435391,59770934,0,0,0,0,538882144,,,,,,,,,,,,
147536,National Louis University,2017,Doctoral Universities: Moderate Research Activity,21971134,0,7456722,8938493,16536445,11471879,327867,0,0,0,1147982,67850522,,,,,,,,,,,,
147703,Northern Illinois University,2017,Doctoral Universities: Higher Research Activity,,,,,,,,,,,,,229631671,20595788,29562810,48082570,35128160,63679014,36864796,119009248,0,0,1,582554058
147767,Northwestern University,2017,Doctoral Universities: Highest Research Activity,885898000,494455000,0,279272000,228645000,298209000,110817000,0,0,0,0,2297296000,,,,,,,,,,,,
149222,Southern Illinois University-Carbondale,2017,Doctoral Universities: Higher Research Activity,,,,,,,,,,,,,255719099,44489056,41370959,254801962,63061829,69617029,29014776,81538653,0,0,2336126,841949489
149514,Trinity International University-Illinois,2017,Doctoral Universities: Moderate Research Activity,17036591,0,0,2399433,6590589,7601936,4358814,0,0,0,0,37987363,,,,,,,,,,,,
150136,Ball State University,2017,Doctoral Universities: Higher Research Activity,,,,,,,,,,,,,215990263,12259018,16228480,60178710,21046863,64805156,15711576,96517520,0,0,0,502737586
151111,Indiana University-Purdue University-Indianapolis,2017,Doctoral Universities: Higher Research Activity,,,,,,,,,,,,,465405590,209054959,99890719,268246349,40909735,22691378,28180345,124800341,0,0,2567601,1261747017
151324,Indiana State University,2017,Doctoral Universities: Moderate Research Activity,,,,,,,,,,,,,90331000,9584000,4628000,27687000,19130000,24408000,11751000,65696000,0,0,671000,253886000
151351,Indiana University-Bloomington,2017,Doctoral Universities: Highest Research Activity,,,,,,,,,,,,,628105115,99983547,44140069,201405458,66608697,118026240,73400421,340698080,0,0,10090845,1582458472
152080,University of Notre Dame,2017,Doctoral Universities: Highest Research Activity,383963000,129668000,37293000,115179000,53274000,216183000,231727000,2000000,0,0,0,1169287000,,,,,,,,,,,,
153603,Iowa State University,2017,Doctoral Universities: Highest Research Activity,,,,,,,,,,,,,330078899,211002625,91396972,208421696,44316981,57333607,31468460,195047340,0,52518906,1779958,1223365444
153658,University of Iowa,2017,Doctoral Universities: Highest Research Activity,,,,,,,,,,,,,407672000,402965000,110213000,184113000,48689000,76097000,31235000,242912000,1791427000,0,47426000,3342749000
155317,University of Kansas,2017,Doctoral Universities: Highest Research Activity,,,,,,,,,,,,,464419035,294716415,47444144,75623384,40981174,76598200,19636472,189789865,0,0,7978910,1217187599
155399,Kansas State University,2017,Doctoral Universities: Highest Research Activity,,,,,,,,,,,,,250446628,184115130,87406347,55927917,31880882,42968464,31415032,117337429,0,0,1900440,803398269
156125,Wichita State University,2017,Doctoral Universities: Higher Research Activity,,,,,,,,,,,,,72723213,47916423,19123726,29069806,28777389,20424636,15352789,7522850,0,0,43160767,284071599
156541,University of the Cumberlands,2017,Doctoral Universities: Moderate Research Activity,20866379,0,524935,2662424,8559904,14577563,11052609,0,0,0,0,58243814,,,,,,,,,,,,
157085,University of Kentucky,2017,Doctoral Universities: Highest Research Activity,,,,,,,,,,,,,337798981,306824981,579135652,116605337,43469660,77996373,35667997,224199106,1346934281,0,4349859,3072982227
157289,University of Louisville,2017,Doctoral Universities: Highest Research Activity,,,,,,,,,,,,,305101000,153890000,153595000,154395000,38585000,108516000,32278000,134077000,0,0,0,1080437000
157757,Spalding University,2017,Doctoral Universities: Moderate Research Activity,14959865,294249,0,1177065,4519125,9397601,1451267,0,0,0,0,31799172,,,,,,,,,,,,
159391,Louisiana State University and Agricultural & Mechanical College,2017,Doctoral Universities: Highest Research Activity,,,,,,,,,,,,,320606898,269770158,82836804,111387581,33544416,74322798,39252277,194786463,0,0,1361878,1127869273
159647,Louisiana Tech University,2017,Doctoral Universities: Moderate Research Activity,,,,,,,,,,,,,56014799,21947157,246146,16989157,7594290,14120175,14437689,62822527,0,0,380976,194552916
159939,University of New Orleans,2017,Doctoral Universities: Higher Research Activity,,,,,,,,,,,,,50301991,14298886,16415912,9978245,10141403,17890817,7706889,16177782,0,0,3602471,146514396
159993,University of Louisiana at Monroe,2017,Doctoral Universities: Moderate Research Activity,,,,,,,,,,,,,48832689,6277119,10422131,8051958,10281162,16705096,7576914,26413406,0,0,149237,134709712
160658,University of Louisiana at Lafayette,2017,Doctoral Universities: Higher Research Activity,,,,,,,,,,,,,113281833,52700785,6259426,23891083,17463749,44334386,10152278,66411761,0,0,17228224,351723525
160755,Tulane University of Louisiana,2017,Doctoral Universities: Highest Research Activity,315390000,148987000,25719000,25051000,82875000,104559000,65518000,0,135787000,0,10064000,913950000,,,,,,,,,,,,
161253,University of Maine,2017,Doctoral Universities: Higher Research Activity,,,,,,,,,,,,,94435000,74790000,39922000,35952000,27182000,33649000,10779000,44492000,0,0,0,361201000
162928,Johns Hopkins University,2017,Doctoral Universities: Highest Research Activity,1951295000,2910863000,0,50362000,115394000,499187000,97141000,0,0,0,0,5624242000,,,,,,,,,,,,
163268,University of Maryland-Baltimore County,2017,Doctoral Universities: Higher Research Activity,,,,,,,,,,,,,127958772,76022095,21746647,27438847,21529083,45954069,23048436,60099487,0,0,2031680,405829116
163286,University of Maryland-College Park,2017,Doctoral Universities: Highest Research Activity,,,,,,,,,,,,,521845823,461242784,93934005,198027717,59294914,128186978,32027981,281892573,0,0,123497986,1899950761
163338,University of Maryland Eastern Shore,2017,Doctoral Universities: Moderate Research Activity,,,,,,,,,,,,,46150679,11258273,2930372,11919345,6496936,16437407,509260,28082892,0,0,111751,123896915
163453,Morgan State University,2017,Doctoral Universities: Moderate Research Activity,,,,,,,,,,,,,65480283,26776321,527472,24782640,7891635,42767662,11537001,35054709,0,0,23709792,238527515
164447,American International College,2017,Doctoral Universities: Moderate Research Activity,17660053,0,0,927712,12345792,18019880,3135326,0,0,0,267194,52355957,,,,,,,,,,,,
164924,Boston College,2017,Doctoral Universities: Highest Research Activity,308687294,43473581,4547864,72387439,65603971,128013885,176115991,0,0,0,0,798830025,,,,,,,,,,,,
164988,Boston University,2017,Doctoral Universities: Highest Research Activity,983541901,175280287,45364448,112419158,88069131,164137328,193730713,14189960,0,0,0,1776732926,,,,,,,,,,,,
165015,Brandeis University,2017,Doctoral Universities: Highest Research Activity,126300457,53896410,0,46030604,36080929,44046573,36504533,0,0,0,610872,343470378,,,,,,,,,,,,
165334,Clark University,2017,Doctoral Universities: Moderate Research Activity,43274000,7530000,0,14887000,13308000,15733000,12980000,0,0,0,0,107712000,,,,,,,,,,,,
166027,Harvard University,2017,Doctoral Universities: Highest Research Activity,1193349000,1077541000,0,793600000,203323000,911811000,557406000,147555000,0,0,0,4884585000,,,,,,,,,,,,
166452,Lesley University,2017,Doctoral Universities: Moderate Research Activity,41559481,0,0,12401196,19761752,17613866,14565913,0,0,0,0,105902208,,,,,,,,,,,,
166513,University of Massachusetts-Lowell,2017,Doctoral Universities: Higher Research Activity,,,,,,,,,,,,,164295000,58298000,1450000,46905000,46308000,56067000,9316000,45667000,0,0,880000,429186000
166629,University of Massachusetts-Amherst,2017,Doctoral Universities: Highest Research Activity,,,,,,,,,,,,,469000558,137689448,33243800,88974294,75182687,89914405,17378000,261711807,0,0,8061001,1181156000
166638,University of Massachusetts-Boston,2017,Doctoral Universities: Higher Research Activity,,,,,,,,,,,,,196252000,52763000,8472000,41852000,32968000,68061000,16161000,7933000,0,0,979000,425441000
166683,Massachusetts Institute of Technology,2017,Doctoral Universities: Highest Research Activity,873735000,1448190000,1549000,362884000,91137000,532250000,154279000,0,0,0,0,3464024000,,,,,,,,,,,,
167358,Northeastern University,2017,Doctoral Universities: Highest Research Activity,416944000,122924000,3443000,180254000,121876000,130938000,125212000,458000,0,0,0,1102049000,,,,,,,,,,,,
167987,University of Massachusetts-Dartmouth,2017,Doctoral Universities: Higher Research Activity,,,,,,,,,,,,,94613000,13670000,3863000,26643000,22873000,31098000,4820737,41182000,0,0,128263,238891000
168005,Suffolk University,2017,Doctoral Universities: Moderate Research Activity,74192771,790067,3379548,44027028,31061501,46752829,13812643,0,0,0,19599460,233615847,,,,,,,,,,,,
168148,Tufts University,2017,Doctoral Universities: Highest Research Activity,262678691,155821788,0,231216647,31162168,125952877,64408668,0,0,12810382,0,884051221,,,,,,,,,,,,
168421,Worcester Polytechnic Institute,2017,Doctoral Universities: Higher Research Activity,118906000,27303000,0,17587000,24847000,33930000,27426000,0,0,0,0,249999000,,,,,,,,,,,,
168740,Andrews University,2017,Doctoral Universities: Moderate Research Activity,36336421,1826701,985188,12443390,5792051,12605288,16626288,0,0,5667696,122,92283145,,,,,,,,,,,,
169248,Central Michigan University,2017,Doctoral Universities: Higher Research Activity,,,,,,,,,,,,,179512545,15736994,20241042,59296662,32080704,42838833,15827203,105057151,0,0,6155635,476746769
169798,Eastern Michigan University,2017,Doctoral Universities: Moderate Research Activity,,,,,,,,,,,,,121355083,5085290,12829686,33639649,18645078,31695790,27673252,50177225,0,0,62763303,363864356
170976,University of Michigan-Ann Arbor,2017,Doctoral Universities: Highest Research Activity,,,,,,,,,,,,,1173332000,914018000,185691000,415281000,117053000,227392000,131518000,464321000,4074752000,0,21251000,7724609000
171100,Michigan State University,2017,Doctoral Universities: Highest Research Activity,,,,,,,,,,,,,762111549,380486534,286986322,131448362,51190270,142706642,67013324,321039312,0,0,329590331,2472572646
171128,Michigan Technological University,2017,Doctoral Universities: Higher Research Activity,,,,,,,,,,,,,77228211,59970863,11104366,25363690,15126979,27285700,9750600,34622085,0,0,99107,260551601
171571,Oakland University,2017,Doctoral Universities: Moderate Research Activity,,,,,,,,,,,,,139812879,12772918,5463025,55928879,42228192,31418904,10396860,36779298,0,0,360769,335161724
172644,Wayne State University,2017,Doctoral Universities: Highest Research Activity,,,,,,,,,,,,,314100000,191999000,68814000,90370000,47783000,95059000,13410000,47634000,0,0,0,869169000
172699,Western Michigan University,2017,Doctoral Universities: Higher Research Activity,,,,,,,,,,,,,230936673,24093220,9797946,69198755,24658117,46972384,20705883,110495513,0,0,40125755,576984246
174066,University of Minnesota-Twin Cities,2017,Doctoral Universities: Highest Research Activity,,,,,,,,,,,,,762960244,840541735,290483410,453720278,131611158,285596149,42929275,356724528,0,0,221430125,3385996902
174914,University of St Thomas,2017,Doctoral Universities: Moderate Research Activity,127980777,943742,2054672,21113796,32235575,39857486,37897605,0,0,0,0,262083653,,,,,,,,,,,,
175856,Jackson State University,2017,Doctoral Universities: Higher Research Activity,,,,,,,,,,,,,76380677,20639773,857742,11253748,24302232,29884556,17497848,26692362,0,0,0,207508938
176017,University of Mississippi,2017,Doctoral Universities: Highest Research Activity,,,,,,,,,,,,,332716369,140546994,22495389,67819716,23396781,159237315,46314578,119095209,1141835412,0,3039900,2056497663
176080,Mississippi State University,2017,Doctoral Universities: Higher Research Activity,,,,,,,,,,,,,169360396,180765948,121583111,43677324,22158262,60262766,24102153,92050612,0,2007000,590588,716558160
176372,University of Southern Mississippi,2017,Doctoral Universities: Higher Research Activity,,,,,,,,,,,,,120594943,57011348,22165078,29594964,12955877,31916800,24156988,46513696,0,0,29567,344939261
177968,Lindenwood University,2017,Doctoral Universities: Moderate Research Activity,48827543,0,0,12206886,41455019,21401176,28977831,0,0,0,0,152868455,,,,,,,,,,,,
178059,Maryville University of Saint Louis,2017,Doctoral Universities: Moderate Research Activity,36088063,0,0,8460449,12080364,18507159,10956659,0,0,0,0,86092694,,,,,,,,,,,,
178396,University of Missouri-Columbia,2017,Doctoral Universities: Highest Research Activity,,,,,,,,,,,,,359260841,159207833,128708137,92971150,43834989,60984743,37681001,492525545,879586712,0,1368067,2256129018
178402,University of Missouri-Kansas City,2017,Doctoral Universities: Higher Research Activity,,,,,,,,,,,,,165855586,18002632,28243382,40685774,20919743,39783904,12932000,71005356,0,0,53138,397481515
178411,Missouri University of Science and Technology,2017,Doctoral Universities: Higher Research Activity,,,,,,,,,,,,,104422996,28134442,4701863,10372854,24852216,18739384,8653000,19917844,0,0,74690,219869289
178420,University of Missouri-St Louis,2017,Doctoral Universities: Higher Research Activity,,,,,,,,,,,,,96478600,10121377,24220532,23729953,18085814,19757412,10023000,11467602,0,0,269048,214153338
179159,Saint Louis University,2017,Doctoral Universities: Higher Research Activity,240864490,38830664,9993987,57515896,27782096,92206876,43871156,2578892,282969296,0,0,796613353,,,,,,,,,,,,
179867,Washington University in St Louis,2017,Doctoral Universities: Highest Research Activity,1812306000,507786000,37237000,185692000,88918000,146386000,115088000,0,0,0,0,2893413000,,,,,,,,,,,,
180461,Montana State University,2017,Doctoral Universities: Higher Research Activity,,,,,,,,,,,,,118254934,129737692,33646299,35852360,35143153,25176889,15623492,60963603,0,0,1130910,455529332
180489,The University of Montana,2017,Doctoral Universities: Higher Research Activity,,,,,,,,,,,,,102631472,58353002,30016374,33691901,27003735,28776393,15866810,43013968,0,0,0,339353655
181394,University of Nebraska at Omaha,2017,Doctoral Universities: Moderate Research Activity,,,,,,,,,,,,,115464688,11220232,12476778,19561891,12174047,23313977,13381955,45800386,0,0,11329253,264723207
181464,University of Nebraska-Lincoln,2017,Doctoral Universities: Highest Research Activity,,,,,,,,,,,,,274920802,221171198,84786849,82756412,20200713,51376736,26629673,206810052,0,0,90015967,1058668402
182281,University of Nevada-Las Vegas,2017,Doctoral Universities: Higher Research Activity,,,,,,,,,,,,,264903000,45221000,12039000,88403000,81209000,50219000,29755000,48866000,0,0,16737000,637352000
182290,University of Nevada-Reno,2017,Doctoral Universities: Higher Research Activity,,,,,,,,,,,,,277519336,88064962,60006703,58409195,55527774,52277892,13515458,44470559,0,0,0,649791879
182670,Dartmouth College,2017,Doctoral Universities: Higher Research Activity,190493022,169406310,1382479,238696493,87770543,101821060,83552747,0,0,0,42584497,915707151,,,,,,,,,,,,
183044,University of New Hampshire-Main Campus,2017,Doctoral Universities: Higher Research Activity,,,,,,,,,,,,,181048166,115705647,10030057,54382142,21349472,40134516,0,140314395,0,0,1631056,564595451
184782,Rowan University,2017,Doctoral Universities: Moderate Research Activity,,,,,,,,,,,,,214093828,17201818,11288502,59537141,37874919,91487207,2730250,44224618,0,0,56716722,535155005
185590,Montclair State University,2017,Doctoral Universities: Moderate Research Activity,,,,,,,,,,,,,183137000,13682000,17623000,37681000,22707000,61408000,16109000,82766000,0,0,689000,435802000
185828,New Jersey Institute of Technology,2017,Doctoral Universities: Higher Research Activity,,,,,,,,,,,,,125804000,86861000,4557000,33629000,30165000,72806000,9321000,22944000,0,0,0,386087000
186131,Princeton University,2017,Doctoral Universities: Highest Research Activity,441335000,379201000,8728000,197317000,133246000,188979000,90459000,64061000,0,112649000,0,1615975000,,,,,,,,,,,,
186380,Rutgers University-New Brunswick,2017,Doctoral Universities: Highest Research Activity,,,,,,,,,,,,,846353000,479439000,239896000,360244000,99159000,203161000,47403000,270923000,724268000,0,58830000,3329676000
186399,Rutgers University-Newark,2017,Doctoral Universities: Higher Research Activity,,,,,,,,,,,,,125241000,15773000,33282000,125746000,37491000,50239000,12450000,18402000,0,0,10877000,429501000
186584,Seton Hall University,2017,Doctoral Universities: Moderate Research Activity,95179000,2888000,5464000,43336000,43933000,48489000,32419000,0,0,0,904000,272612000,,,,,,,,,,,,
186867,Stevens Institute of Technology,2017,Doctoral Universities: Higher Research Activity,79051000,27993000,1164000,28096000,28227000,28232000,26530000,0,0,0,733000,220026000,,,,,,,,,,,,
187985,University of New Mexico-Main Campus,2017,Doctoral Universities: Highest Research Activity,,,,,,,,,,,,,304130197,208296532,449425110,53937366,31078036,69275100,22068380,95888513,1016685121,0,79691234,2330475589
188030,New Mexico State University-Main Campus,2017,Doctoral Universities: Higher Research Activity,,,,,,,,,,,,,133384285,102565338,62365058,23365440,15416502,25944095,14783395,24235986,0,21003330,22217011,445280440
188429,Adelphi University,2017,Doctoral Universities: Moderate Research Activity,95546088,816341,8192840,22854199,34185385,31467350,15829789,0,0,0,0,208891992,,,,,,,,,,,,
190044,Clarkson University,2017,Doctoral Universities: Moderate Research Activity,59132453,12112311,553298,12618666,17891038,20142598,15267683,0,0,1454072,0,139172119,,,,,,,,,,,,
190150,Columbia University in the City of New York,2017,Doctoral Universities: Highest Research Activity,2611938000,668722000,221091000,121838000,154168000,365957000,241200000,0,0,0,0,4384914000,,,,,,,,,,,,
190415,Cornell University,2017,Doctoral Universities: Highest Research Activity,663587027,363122939,157647192,249368447,165522656,328606787,218034339,45261683,0,0,0,2191151070,,,,,,,,,,,,
190576,CUNY Graduate School and University Center,2017,Doctoral Universities: Highest Research Activity,,,,,,,,,,,,,152262882,16589778,3981099,31774474,15535342,35341318,23908732,632885,0,0,17762874,297789384
191241,Fordham University,2017,Doctoral Universities: Higher Research Activity,218650000,16847000,18417000,89392000,83115000,76603000,89324000,0,0,0,0,592348000,,,,,,,,,,,,
191649,Hofstra University,2017,Doctoral Universities: Moderate Research Activity,184021450,2058950,14940175,24396612,53698616,55216514,42084520,0,0,0,0,376416837,,,,,,,,,,,,
193654,The New School,2017,Doctoral Universities: Higher Research Activity,145382000,14219000,0,77182000,29685000,73433000,44566000,0,0,0,47544000,432011000,,,,,,,,,,,,
193900,New York University,2017,Doctoral Universities: Highest Research Activity,1517059000,1106099000,18693000,83423000,126605000,632050000,528241000,0,0,0,1911923000,5924093000,,,,,,,,,,,,
194310,Pace University-New York,2017,Doctoral Universities: Moderate Research Activity,135790479,4811391,0,52299509,47022158,56658149,73682830,0,0,0,0,370264516,,,,,,,,,,,,
194824,Rensselaer Polytechnic Institute,2017,Doctoral Universities: Higher Research Activity,138754000,107469000,0,25632000,30331000,50541000,40603000,13655000,0,0,14352000,421337000,,,,,,,,,,,,
195003,Rochester Institute of Technology,2017,Doctoral Universities: Moderate Research Activity,268201000,39975000,13615000,59979000,47814000,55695000,86884000,0,0,257000,606000,573026000,,,,,,,,,,,,
195030,University of Rochester,2017,Doctoral Universities: Highest Research Activity,364293000,288409000,17880000,62006000,66649000,135636000,121239000,0,2832804000,0,0,3888916000,,,,,,,,,,,,
195049,Rockefeller University,2017,Doctoral Universities: Higher Research Activity,0,246425041,0,36220007,13598096,41698885,35101821,0,0,0,70,373043920,,,,,,,,,,,,
195720,Saint John Fisher College,2017,Doctoral Universities: Moderate Research Activity,42814315,0,0,9001962,14871152,10723934,17215487,0,0,0,773369,95400219,,,,,,,,,,,,
195809,St John's University-New York,2017,Doctoral Universities: Moderate Research Activity,186513000,6228000,0,61174000,47496000,73456759,78044000,1931241,0,0,2044000,456887000,,,,,,,,,,,,
196060,SUNY at Albany,2017,Doctoral Universities: Highest Research Activity,,,,,,,,,,,,,232632213,30567976,42708329,55950305,28439718,81210145,18933759,92059864,0,0,2184480,584686789
196079,Binghamton University,2017,Doctoral Universities: Higher Research Activity,,,,,,,,,,,,,214525296,31263698,6330029,69186421,30916852,56398093,11192311,136900348,0,0,3249118,559962166
196088,University at Buffalo,2017,Doctoral Universities: Highest Research Activity,,,,,,,,,,,,,521548121,125472973,13838462,149741219,40925136,151687358,28744151,99072512,9365005,0,2554504,1142949441
196097,Stony Brook University,2017,Doctoral Universities: Highest Research Activity,,,,,,,,,,,,,563665638,110969829,27546029,131978508,63649197,142782124,23821739,116316707,1370687656,0,8955569,2560372996
196103,SUNY College of Environmental Science and Forestry,2017,Doctoral Universities: Moderate Research Activity,,,,,,,,,,,,,38619256,15568027,2012746,11600315,6098928,14316447,1137928,2155655,0,0,27068,91536370
196413,Syracuse University,2017,Doctoral Universities: Highest Research Activity,388406233,69427599,0,119008332,117140145,108724692,131896680,0,0,0,0,934603681,,,,,,,,,,,,
196468,Teachers College at Columbia University,2017,Doctoral Universities: Higher Research Activity,74746976,44966190,420540,18430635,10725843,39763088,22905811,0,0,0,0,211959083,,,,,,,,,,,,
197708,Yeshiva University,2017,Doctoral Universities: Higher Research Activity,96069000,3655000,0,34945000,23829000,57739000,13153000,0,0,0,21734000,251124000,,,,,,,,,,,,
198419,Duke University,2017,Doctoral Universities: Highest Research Activity,1075391000,931129000,0,202912000,77610000,237840000,281681000,43897000,2946400000,0,6099000,5802959000,,,,,,,,,,,,
198464,East Carolina University,2017,Doctoral Universities: Higher Research Activity,,,,,,,,,,,,,313173880,26009805,34228211,49252959,19729716,69478340,39414709,340396434,0,0,3814227,895498281
198561,Gardner-Webb University,2017,Doctoral Universities: Moderate Research Activity,27898109,0,0,2888205,15999956,11891889,8887340,1452555,0,0,0,69018054,,,,,,,,,,,,
199102,North Carolina A & T State University,2017,Doctoral Universities: Higher Research Activity,,,,,,,,,,,,,87623752,31062233,8176668,32628173,8464648,27611754,18585424,58608586,0,0,193690,272954928
199120,University of North Carolina at Chapel Hill,2017,Doctoral Universities: Highest Research Activity,,,,,,,,,,,,,801262995,659559753,153844122,174863823,55921312,218639860,123739574,882540264,0,0,45145901,3115517604
199139,University of North Carolina at Charlotte,2017,Doctoral Universities: Higher Research Activity,,,,,,,,,,,,,244898535,29417602,4481883,60857506,29865656,44823692,39927810,153219608,0,0,2349632,609841924
199148,University of North Carolina at Greensboro,2017,Doctoral Universities: Higher Research Activity,,,,,,,,,,,,,157785984,19464688,8505817,46860068,25929412,35161115,29302389,80501432,0,0,2903772,406414677
199193,North Carolina State University at Raleigh,2017,Doctoral Universities: Highest Research Activity,,,,,,,,,,,,,500194413,335665339,140637926,103453435,40704355,112724920,43760380,238512349,0,0,4690022,1520343139
199847,Wake Forest University,2017,Doctoral Universities: Higher Research Activity,224568000,168493000,22925000,743111000,33103000,116348000,88914000,0,0,0,0,1397462000,,,,,,,,,,,,
200280,University of North Dakota,2017,Doctoral Universities: Higher Research Activity,,,,,,,,,,,,,229011562,51529666,22231360,41988746,40584698,28809177,6495430,35825978,0,0,0,456476617
200332,North Dakota State University-Main Campus,2017,Doctoral Universities: Higher Research Activity,,,,,,,,,,,,,121603996,109502009,40391835,37317811,43312386,19834819,6632512,41946708,0,0,1731596,422273672
200697,Air Force Institute of Technology-Graduate School of Engineering & Management,2017,Doctoral Universities: Moderate Research Activity,,,,,,,,,,,,,,,,,,,,,,,,
200800,University of Akron Main Campus,2017,Doctoral Universities: Higher Research Activity,,,,,,,,,,,,,206784027,35345274,8319507,43045128,18340416,44243742,25691960,57072686,0,0,0,438842740
201104,Ashland University,2017,Doctoral Universities: Moderate Research Activity,36190587,0,164867,5524973,19068362,20941098,13365813,0,0,0,0,95255700,,,,,,,,,,,,
201441,Bowling Green State University-Main Campus,2017,Doctoral Universities: Higher Research Activity,,,,,,,,,,,,,162229055,8879205,5887801,34692235,20703326,42071974,17064818,88704932,0,0,8991122,389224468
201645,Case Western Reserve University,2017,Doctoral Universities: Highest Research Activity,322241784,374670429,0,22500118,30801844,122928153,85311443,0,0,0,0,958453771,,,,,,,,,,,,
201885,University of Cincinnati-Main Campus,2017,Doctoral Universities: Highest Research Activity,,,,,,,,,,,,,391047642,202173306,86130211,139445649,71478207,152280113,32567988,137641828,0,0,703864,1213468808
202134,Cleveland State University,2017,Doctoral Universities: Higher Research Activity,,,,,,,,,,,,,141916332,13095759,9262802,38979035,26126102,41341642,17210449,49860871,0,0,9166697,346959689
202480,University of Dayton,2017,Doctoral Universities: Higher Research Activity,128100000,132715000,213000,40981000,30685000,34384000,105898000,0,0,19532000,0,492508000,,,,,,,,,,,,
203517,Kent State University at Kent,2017,Doctoral Universities: Higher Research Activity,,,,,,,,,,,,,250758867,18060498,16029808,72592404,35138706,83376011,30238616,125898178,0,0,0,632093088
204024,Miami University-Oxford,2017,Doctoral Universities: Higher Research Activity,,,,,,,,,,,,,226226413,15074228,3975384,70167932,32493065,56723870,19986272,141873455,0,0,9352126,575872745
204796,Ohio State University-Main Campus,2017,Doctoral Universities: Highest Research Activity,,,,,,,,,,,,,1078049691,573729105,203676284,236968719,111812991,288726148,123469504,346672279,3365225442,0,23509350,6351839513
204857,Ohio University-Main Campus,2017,Doctoral Universities: Higher Research Activity,,,,,,,,,,,,,311455525,52028031,35291656,94354657,65492655,73659443,7674539,93171409,0,0,7347956,740475871
206084,University of Toledo,2017,Doctoral Universities: Higher Research Activity,,,,,,,,,,,,,263283682,44536990,11573195,64263772,27294300,72314273,22256565,68568107,407099286,0,0,981190170
206279,Union Institute & University,2017,Doctoral Universities: Moderate Research Activity,7155704,103205,0,3691371,2940915,3855893,0,2189330,0,0,0,19936418,,,,,,,,,,,,
206604,Wright State University-Main Campus,2017,Doctoral Universities: Moderate Research Activity,,,,,,,,,,,,,152499980,36029243,19829186,45472869,22167896,38882744,20167433,23552642,0,0,43202220,401804213
207388,Oklahoma State University-Main Campus,2017,Doctoral Universities: Higher Research Activity,,,,,,,,,,,,,207277611,134910270,71002198,78426570,26227774,28916831,56282676,232821999,0,0,0,835865929
207500,University of Oklahoma-Norman Campus,2017,Doctoral Universities: Highest Research Activity,,,,,,,,,,,,,315668000,124243000,54112000,100509000,34733000,77306000,40664000,226361000,0,0,28035000,1001631000
207971,University of Tulsa,2017,Doctoral Universities: Higher Research Activity,67629880,20089972,7814024,32709322,13442214,28944611,37048965,0,0,0,0,207678988,,,,,,,,,,,,
209542,Oregon State University,2017,Doctoral Universities: Highest Research Activity,,,,,,,,,,,,,301795805,215897602,111773064,82921266,35251321,88368465,30636829,175937331,0,0,77723046,1120304729
209551,University of Oregon,2017,Doctoral Universities: Highest Research Activity,,,,,,,,,,,,,330179755,78119205,50625049,71889323,50364231,83712641,34432713,238611635,0,0,7343131,945277683
209807,Portland State University,2017,Doctoral Universities: Higher Research Activity,,,,,,,,,,,,,195699895,44942489,25801341,43270719,21942141,55726962,30400229,93026051,0,0,6331755,517141582
211440,Carnegie Mellon University,2017,Doctoral Universities: Highest Research Activity,418977899,204897150,0,125969824,56110189,135235978,50220063,0,0,136842657,6283226,1134536986,,,,,,,,,,,,
212054,Drexel University,2017,Doctoral Universities: Higher Research Activity,349770295,157225908,3356639,184628985,79020633,156251346,78498124,10175070,0,0,16120000,1035047000,,,,,,,,,,,,
212106,Duquesne University,2017,Doctoral Universities: Higher Research Activity,110989000,16273000,5956000,40619000,16786000,48377000,39415000,0,0,0,1062000,279477000,,,,,,,,,,,,
213011,Immaculata University,2017,Doctoral Universities: Moderate Research Activity,15632923,0,0,2652910,9592089,13565746,5692040,0,0,0,0,47135708,,,,,,,,,,,,
213020,Indiana University of Pennsylvania-Main Campus,2017,Doctoral Universities: Moderate Research Activity,,,,,,,,,,,,,128162348,1427129,8532033,28780501,24269277,34296408,10823989,26108356,0,0,0,262400041
213543,Lehigh University,2017,Doctoral Universities: Higher Research Activity,150480000,43348000,2595000,35175000,36190000,70348000,38702000,0,0,10882000,0,387720000,,,,,,,,,,,,
214777,Pennsylvania State University-Main Campus,2017,Doctoral Universities: Highest Research Activity,1331215000,796833000,94273000,387469000,194436000,360124000,401889000,0,1927155000,31363000,66742000,5591499000,,,,,,,,,,,,
215062,University of Pennsylvania,2017,Doctoral Universities: Highest Research Activity,1271733000,756955000,38609000,919577000,99061000,266882000,160865000,0,5141088000,72106000,169853000,8896729000,,,,,,,,,,,,
215293,University of Pittsburgh-Pittsburgh Campus,2017,Doctoral Universities: Highest Research Activity,537089361,706684325,84840511,247009597,150782018,133876658,116515402,0,0,0,0,1976797872,,,,,,,,,,,,
215655,Robert Morris University,2017,Doctoral Universities: Moderate Research Activity,41146370,0,126707,11808006,21180375,21064436,30325052,0,0,0,0,125650946,,,,,,,,,,,,
216339,Temple University,2017,Doctoral Universities: Highest Research Activity,488569000,203788000,22244000,163225000,78818000,143092000,131605000,12606000,1903652000,0,0,3147599000,,,,,,,,,,,,
216597,Villanova University,2017,Doctoral Universities: Moderate Research Activity,158961644,6910481,0,50793252,61661300,57742582,56857057,0,0,0,0,392926316,,,,,,,,,,,,
216852,Widener University,2017,Doctoral Universities: Moderate Research Activity,71124401,456952,502475,14828304,19741157,19722360,22512013,0,0,0,0,148887662,,,,,,,,,,,,
217156,Brown University,2017,Doctoral Universities: Highest Research Activity,332218000,128405000,2897000,132082000,83641000,104824000,97833000,19168000,0,0,0,901068000,,,,,,,,,,,,
217484,University of Rhode Island,2017,Doctoral Universities: Higher Research Activity,,,,,,,,,,,,,140285687,93026641,10209591,59011931,39584594,53214826,26299517,97024303,0,0,0,518657090
217882,Clemson University,2017,Doctoral Universities: Highest Research Activity,,,,,,,,,,,,,284122481,182241228,79349224,61195670,47063712,47276010,25467259,194589219,0,0,23621303,944926106
218663,University of South Carolina-Columbia,2017,Doctoral Universities: Highest Research Activity,,,,,,,,,,,,,420606126,155527220,65723434,87383738,61459380,89113282,20687031,175511196,0,0,0,1076011407
219356,South Dakota State University,2017,Doctoral Universities: Higher Research Activity,,,,,,,,,,,,,92807438,60842925,31483240,17648195,28832997,28914066,8079272,34036126,0,0,448875,303093134
219471,University of South Dakota,2017,Doctoral Universities: Higher Research Activity,,,,,,,,,,,,,80380479,15376216,13790383,33903943,19607278,20196200,6562684,13817019,0,0,4713926,208348128
219976,Lipscomb University,2017,Doctoral Universities: Moderate Research Activity,50320735,0,2652672,14284039,19786014,28615285,13397539,0,0,12005668,0,141061952,,,,,,,,,,,,
220075,East Tennessee State University,2017,Doctoral Universities: Moderate Research Activity,,,,,,,,,,,,,156820628,10443091,25557307,30284402,25914575,20565862,22951542,13924207,0,0,41322295,347783909
220862,University of Memphis,2017,Doctoral Universities: Higher Research Activity,,,,,,,,,,,,,165271432,52628721,14001819,33001283,65165669,30808695,27533214,23280691,0,0,0,411691524
220978,Middle Tennessee State University,2017,Doctoral Universities: Moderate Research Activity,,,,,,,,,,,,,173964161,8057324,9876041,34717992,46247021,26697488,30211808,27263068,0,0,93928,357128831
221759,The University of Tennessee-Knoxville,2017,Doctoral Universities: Highest Research Activity,,,,,,,,,,,,,370348990,227956966,144818848,95580642,56603527,119050461,36622136,189230301,0,59907904,0,1300119775
221838,Tennessee State University,2017,Doctoral Universities: Moderate Research Activity,,,,,,,,,,,,,64994533,15834103,14984248,11136205,20164552,18018498,1539788,17947669,0,0,25500175,190119771
221847,Tennessee Technological University,2017,Doctoral Universities: Moderate Research Activity,,,,,,,,,,,,,80308701,11182595,6537600,15083615,24080935,17597025,12767570,10424926,0,0,50027,178032994
221892,Trevecca Nazarene University,2017,Doctoral Universities: Moderate Research Activity,17729705,0,0,3706106,11845322,7428500,6900885,0,0,0,0,47610518,,,,,,,,,,,,
221971,Union University,2017,Doctoral Universities: Moderate Research Activity,37079016,0,0,5552347,8302788,6305093,7645798,0,0,0,0,64885042,,,,,,,,,,,,
221999,Vanderbilt University,2017,Doctoral Universities: Highest Research Activity,374717958,178034644,32610576,131104990,127760851,175185498,184757827,0,0,0,0,1204172344,,,,,,,,,,,,
223232,Baylor University,2017,Doctoral Universities: Higher Research Activity,266173000,29030000,9227000,55452000,160230000,99858000,40194000,0,0,0,0,660164000,,,,,,,,,,,,
224147,Texas A & M University-Corpus Christi,2017,Doctoral Universities: Moderate Research Activity,,,,,,,,,,,,,69619140,26209996,4161379,30028800,11756859,17197919,19124199,21685052,0,0,21183920,220967264
224226,Dallas Baptist University,2017,Doctoral Universities: Moderate Research Activity,38899364,0,0,5235343,25127181,16628352,6989577,0,0,0,0,92879817,,,,,,,,,,,,
224554,Texas A & M University-Commerce,2017,Doctoral Universities: Higher Research Activity,,,,,,,,,,,,,69614526,3797576,3686933,12694359,15514378,16034770,19096285,32657292,0,0,23444568,196540687
225511,University of Houston,2017,Doctoral Universities: Highest Research Activity,,,,,,,,,,,,,293117613,177804520,47389371,206405558,41418704,76488718,56648567,128782360,0,0,39368362,1067423773
226091,Lamar University,2017,Doctoral Universities: Moderate Research Activity,,,,,,,,,,,,,76836326,3406543,1994182,37422434,10240407,26238624,24960062,35028931,0,0,16960598,233088107
227216,University of North Texas,2017,Doctoral Universities: Highest Research Activity,,,,,,,,,,,,,200868187,22676750,10024371,59315861,75682654,36653761,78387585,56150716,0,0,148326476,688086361
227368,The University of Texas Rio Grande Valley,2017,Doctoral Universities: Moderate Research Activity,,,,,,,,,,,,,174302394,26253508,24756614,52428070,36117541,55908251,55065446,27520940,24900132,0,23899055,501151951
227526,Prairie View A & M University,2017,Doctoral Universities: Moderate Research Activity,,,,,,,,,,,,,61197547,18185828,10661062,26252909,20153495,22200226,14481098,34597699,0,0,23351409,231081273
227757,Rice University,2017,Doctoral Universities: Highest Research Activity,312324965,119306179,0,38305983,74837370,49365034,61410329,24967140,0,0,0,680517000,,,,,,,,,,,,
227881,Sam Houston State University,2017,Doctoral Universities: Moderate Research Activity,,,,,,,,,,,,,116613321,5642640,13183702,49086788,31148110,23884620,28759021,51837456,0,0,27347877,347503535
228246,Southern Methodist University,2017,Doctoral Universities: Higher Research Activity,186248000,27302000,11325000,64623000,47765000,106635000,71527000,6149000,0,2793000,0,524367000,,,,,,,,,,,,
228459,Texas State University,2017,Doctoral Universities: Higher Research Activity,,,,,,,,,,,,,237792159,65078104,4962055,61859260,41666670,42019739,56861141,97932320,0,0,68910726,677082174
228705,Texas A & M University-Kingsville,2017,Doctoral Universities: Moderate Research Activity,,,,,,,,,,,,,56041110,21596255,1104829,17649092,18036355,13644420,13715711,23885476,0,0,17611541,183284789
228723,Texas A & M University-College Station,2017,Doctoral Universities: Highest Research Activity,,,,,,,,,,,,,931813167,746300569,248042068,287232032,99491237,150646989,101494780,234142504,0,0,319925042,3119088388
228769,The University of Texas at Arlington,2017,Doctoral Universities: Highest Research Activity,,,,,,,,,,,,,217389267,91678015,9395994,50051229,87472546,52118715,30620351,56632440,0,0,66892239,662250796
228778,The University of Texas at Austin,2017,Doctoral Universities: Highest Research Activity,,,,,,,,,,,,,835393564,562734777,141704411,405299957,67574440,178115041,118751830,363077522,0,0,136390423,2809041965
228787,The University of Texas at Dallas,2017,Doctoral Universities: Highest Research Activity,,,,,,,,,,,,,247083776,108419748,11315817,82561138,25292673,50071373,36605647,51135535,0,0,57891208,670376915
228796,The University of Texas at El Paso,2017,Doctoral Universities: Higher Research Activity,,,,,,,,,,,,,147502953,83689838,9883560,27844848,22372595,33204482,53465322,51331272,0,0,30333545,459628415
228875,Texas Christian University,2017,Doctoral Universities: Higher Research Activity,170763000,10617000,0,37733000,40086000,40691000,159697000,0,0,0,12895000,472482000,,,,,,,,,,,,
229027,The University of Texas at San Antonio,2017,Doctoral Universities: Higher Research Activity,,,,,,,,,,,,,174910759,66987965,22968901,69679802,35059128,48883135,41657329,62681253,0,0,92325140,615153412
229063,Texas Southern University,2017,Doctoral Universities: Moderate Research Activity,,,,,,,,,,,,,95102204,4681247,2017528,14638652,13788473,29730350,19583972,23771350,0,0,6877710,210191486
229115,Texas Tech University,2017,Doctoral Universities: Highest Research Activity,,,,,,,,,,,,,241647501,194491517,15981479,102639215,50897582,54268200,42716028,146341833,0,0,49893942,898877297
229179,Texas Woman's University,2017,Doctoral Universities: Moderate Research Activity,,,,,,,,,,,,,91978483,4715715,1444571,28689619,15371956,22839590,9316715,34109076,0,0,1693964,210159689
230038,Brigham Young University-Provo,2017,Doctoral Universities: Higher Research Activity,499263176,50860893,46252817,67094862,54283793,100438001,230604692,0,0,0,1,1048798235,,,,,,,,,,,,
230728,Utah State University,2017,Doctoral Universities: Higher Research Activity,,,,,,,,,,,,,215346176,160769191,67928608,47463861,30019215,62221053,35416632,80125026,0,0,1178612,700468374
230764,University of Utah,2017,Doctoral Universities: Highest Research Activity,,,,,,,,,,,,,439827000,315128000,807399000,121798000,35876000,141711000,3148000,145953000,1769357000,532297000,91616000,4404110000
231174,University of Vermont,2017,Doctoral Universities: Higher Research Activity,,,,,,,,,,,,,209403000,101038000,75906000,75256000,54659000,47393000,17198000,97090000,0,0,28795000,706738000
231624,College of William and Mary,2017,Doctoral Universities: Higher Research Activity,,,,,,,,,,,,,130040528,62392466,314088,43120911,17205162,43988210,32439298,112027337,0,0,9045932,450573932
231651,Regent University,2017,Doctoral Universities: Moderate Research Activity,28114600,33200,689200,7612400,44184900,16385300,2501300,0,0,11977000,11786100,123284000,,,,,,,,,,,,
232186,George Mason University,2017,Doctoral Universities: Highest Research Activity,,,,,,,,,,,,,355611980,82670440,22265193,75857577,35659070,59245393,27813656,140943504,0,0,0,800066813
232557,Liberty University,2017,Doctoral Universities: Moderate Research Activity,174403737,683802,8377191,51406886,179684989,182973260,74497672,0,0,0,0,672027537,,,,,,,,,,,,
232982,Old Dominion University,2017,Doctoral Universities: Higher Research Activity,,,,,,,,,,,,,198928533,14134058,668220,49416232,21508545,39665326,29860071,113981527,0,0,4930488,473093000
233541,Shenandoah University,2017,Doctoral Universities: Moderate Research Activity,43131311,0,1229584,12636225,12630834,16257939,9750131,0,0,0,0,95636024,,,,,,,,,,,,
233921,Virginia Polytechnic Institute and State University,2017,Doctoral Universities: Highest Research Activity,,,,,,,,,,,,,422276250,369308852,115173422,103618360,21945195,83534423,16488258,247181359,0,0,2584237,1382110356
234030,Virginia Commonwealth University,2017,Doctoral Universities: Highest Research Activity,,,,,,,,,,,,,415799195,206106031,8575248,107437246,24676971,88665598,29746039,121791362,62397304,0,5563901,1070758895
234076,University of Virginia-Main Campus,2017,Doctoral Universities: Highest Research Activity,,,,,,,,,,,,,507596728,411561730,62995461,203988146,64757078,137299680,63525482,203156393,1468598264,0,21969019,3145447981
236577,Seattle Pacific University,2017,Doctoral Universities: Moderate Research Activity,45548000,962000,3003000,6893000,17834000,17543000,15511000,0,0,0,0,107294000,,,,,,,,,,,,
236939,Washington State University,2017,Doctoral Universities: Highest Research Activity,,,,,,,,,,,,,343525853,231971938,46822208,104190427,38674913,107009261,65496337,191937495,0,0,0,1129628432
236948,University of Washington-Seattle Campus,2017,Doctoral Universities: Highest Research Activity,,,,,,,,,,,,,1445325556,868028069,44467763,488015685,54680208,271802356,136870726,559977999,1874646045,0,0,5743814407
238032,West Virginia University,2017,Doctoral Universities: Highest Research Activity,,,,,,,,,,,,,320731575,133371464,59852382,45335849,42471523,131472876,38678125,127502619,0,0,196190786,1095607199
238430,Cardinal Stritch University,2017,Doctoral Universities: Moderate Research Activity,10615699,0,230585,6015197,4966481,10958427,2679681,0,0,0,153815,35619885,,,,,,,,,,,,
238661,Edgewood College,2017,Doctoral Universities: Moderate Research Activity,19486499,0,644692,10528897,6899461,7602716,2688992,0,0,0,0,47851257,,,,,,,,,,,,
239105,Marquette University,2017,Doctoral Universities: Higher Research Activity,119136000,25983000,5003000,64996000,58495000,85874000,44470000,0,0,0,0,403957000,,,,,,,,,,,,
240444,University of Wisconsin-Madison,2017,Doctoral Universities: Highest Research Activity,,,,,,,,,,,,,610014279,1027951265,167897606,197967621,97438216,94550229,59780332,296101920,0,0,264990079,2816691547
240453,University of Wisconsin-Milwaukee,2017,Doctoral Universities: Highest Research Activity,,,,,,,,,,,,,200603777,51229892,27295731,49391437,63188789,37324616,24732548,58538109,0,0,28907453,541212352
240727,University of Wyoming,2017,Doctoral Universities: Higher Research Activity,,,,,,,,,,,,,170151505,77923647,41292950,41094878,19151753,53994309,19381396,113170153,0,0,43264465,579425056
241410,Pontifical Catholic University of Puerto Rico-Ponce,2017,Doctoral Universities: Moderate Research Activity,39920541,156625,1129624,4925499,8015841,15381449,114006,0,0,0,277727,69921312,,,,,,,,,,,,
242653,Inter American University of Puerto Rico-Metro,2017,Doctoral Universities: Moderate Research Activity,27507687,0,0,4871518,4587353,4420970,5761663,0,0,0,0,47149191,,,,,,,,,,,,
243221,University of Puerto Rico-Rio Piedras,2017,Doctoral Universities: Higher Research Activity,,,,,,,,,,,,,138549758,18064142,5325926,40357693,17101068,21851442,33732014,0,0,0,9225079,284207122
243601,Universidad Del Turabo,2017,Doctoral Universities: Moderate Research Activity,45762454,788832,4486571,5886549,8479828,43885295,737712,1109648,0,0,0,111136889,,,,,,,,,,,,
243744,Stanford University,2017,Doctoral Universities: Highest Research Activity,1782950000,1389882000,0,156743000,262281000,542396000,1079063000,164215000,0,0,0,5377530000,,,,,,,,,,,,
243780,Purdue University-Main Campus,2017,Doctoral Universities: Highest Research Activity,,,,,,,,,,,,,777047416,291866393,154188052,142536650,30826390,126862690,55908838,253196578,0,0,0,1832433007
365426,Mayo Clinic Graduate School of Biomedical Sciences,2017,Doctoral Universities: Moderate Research Activity,2323347,0,0,3366591,5276089,239223,0,0,0,0,0,11205250,,,,,,,,,,,,
367936,Argosy University-Atlanta,2017,Doctoral Universities: Moderate Research Activity,,,,,,,,,,,,,,,,,,,,,,,,
413413,Capella University,2017,Doctoral Universities: Moderate Research Activity,,,,,,,,,,,,,,,,,,,,,,,,
428268,Argosy University-Tampa,2017,Doctoral Universities: Moderate Research Activity,,,,,,,,,,,,,,,,,,,,,,,,
436438,Argosy University-Orange County,2017,Doctoral Universities: Moderate Research Activity,,,,,,,,,,,,,,,,,,,,,,,,
437097,University of Management and Technology,2017,Doctoral Universities: Moderate Research Activity,,,,,,,,,,,,,,,,,,,,,,,,
444130,Northcentral University,2017,Doctoral Universities: Moderate Research Activity,,,,,,,,,,,,,,,,,,,,,,,,
445188,University of California-Merced,2017,Doctoral Universities: Higher Research Activity,,,,,,,,,,,,,70999111,39082511,7390998,34079230,33510030,67666262,16583013,56355858,0,0,2765987,328433000
448734,Argosy University-Denver,2017,Doctoral Universities: Moderate Research Activity,,,,,,,,,,,,,,,,,,,,,,,,
448886,Arizona State University-Downtown Phoenix,2017,Doctoral Universities: Moderate Research Activity,,,,,,,,,,,,,,,,,,,,,,,,
450526,Argosy University-Inland Empire,2017,Doctoral Universities: Moderate Research Activity,,,,,,,,,,,,,,,,,,,,,,,,
450979,Trident University International,2017,Doctoral Universities: Moderate Research Activity,,,,,,,,,,,,,,,,,,,,,,,,
454829,Aspen University,2017,Doctoral Universities: Moderate Research Activity,,,,,,,,,,,,,,,,,,,,,,,,
456348,Argosy University-Phoenix Online Division,2017,Doctoral Universities: Moderate Research Activity,,,,,,,,,,,,,,,,,,,,,,,,
482149,Augusta University,2017,Doctoral Universities: Higher Research Activity,,,,,,,,,,,,,170194211,50243812,46579192,61516069,8748924,96650615,9288780,17645750,383341087,0,0,844208440
483124,Arizona State University-Skysong,2017,Doctoral Universities: Moderate Research Activity,,,,,,,,,,,,,,,,,,,,,,,,
484613,University of Phoenix-Arizona,2017,Doctoral Universities: Moderate Research Activity,,,,,,,,,,,,,,,,,,,,,,,,
486840,Kennesaw State University,2017,Doctoral Universities: Moderate Research Activity,,,,,,,,,,,,,199773119,1926414,12525453,69726971,44799437,48611097,27108431,85806364,0,0,217201,490494487
