unitid,institution name,year,HD2017.Carnegie Classification 2015: Basic,HD2017.State abbreviation,HD2017.Control of institution,HD2017.Land Grant Institution,DRVEF2017.Full-time enrollment,DRVEF2017.Part-time enrollment,DRVEF2017.Full-time equivalent fall enrollment,DRVC2017.Associate's degree,DRVC2017.Bachelor's degree,DRVC2017.Master's degree,DRVC2017.Doctor's degree - research/scholarship,DRVC2017.Doctor's degree - professional practice,DRVC2017.Doctor's degree - other,"DRVGR2017.Graduation rate, total cohort",DRVF2017.Instruction expenses per FTE  (GASB),DRVF2017.Research expenses per FTE  (GASB),DRVF2017.Public service expenses per FTE (GASB),DRVF2017.Academic support expenses per FTE (GASB),DRVF2017.Student service expenses per FTE (GASB),DRVF2017.Institutional support expenses per FTE (GASB),DRVF2017.All other core expenses per FTE (GASB),DRVF2017.Instruction expenses per FTE  (FASB),DRVF2017.Research expenses per FTE (FASB),DRVF2017.Public service expenses per FTE (FASB),DRVF2017.Academic support expenses per FTE (FASB),DRVF2017.Student service expenses per FTE (FASB),DRVF2017.Institutional support expenses per FTE (FASB),DRVF2017.All other core expenses per FTE (FASB),DRVHR2017.Total FTE staff,"DRVHR2017.Instructional, research and public service FTE",DRVHR2017.Instructional FTE
100663,University of Alabama at Birmingham,2017,Doctoral Universities: Highest Research Activity,Alabama,Public,Not a Land Grant Institution,13734,7168,16471,0,2384,1793,126,387,6,53,17235,16538,9599,10368,2790,7881,1474,,,,,,,,8686,2412,2412
100706,University of Alabama in Huntsville,2017,Doctoral Universities: Higher Research Activity,Alabama,Public,Not a Land Grant Institution,6645,2456,7583,0,1055,539,41,18,0,49,9748,10205,1071,1872,2937,3473,1044,,,,,,,,1415,414,414
100751,The University of Alabama,2017,Doctoral Universities: Higher Research Activity,Alabama,Public,Not a Land Grant Institution,33298,5265,35344,0,6501,1578,245,192,0,68,10894,1894,1593,2868,1884,3523,799,,,,,,,,6166,1609,1609
100858,Auburn University,2017,Doctoral Universities: Higher Research Activity,Alabama,Public,Land Grant Institution,25158,4618,26920,0,4396,1237,289,278,0,77,12067,6022,4228,3110,1524,3208,642,,,,,,,,5742,1680,1405
102094,University of South Alabama,2017,Doctoral Universities: Higher Research Activity,Alabama,Public,Not a Land Grant Institution,12709,2860,13823,0,2066,1246,39,217,0,40,9082,2114,157,1988,2978,2909,800,,,,,,,,2703,924,924
102614,University of Alaska Fairbanks,2017,Doctoral Universities: Higher Research Activity,Alaska,Public,Land Grant Institution,3501,4163,5158,309,581,228,49,0,0,30,16935,25166,7025,7028,4289,5964,3003,,,,,,,,1985,1102,449
104151,Arizona State University-Tempe,2017,Doctoral Universities: Highest Research Activity,Arizona,Public,Not a Land Grant Institution,45522,5642,47714,0,9366,2958,508,0,0,63,12311,4059,537,4475,1874,2312,7654,,,,,,,,8272,2349,2216
104179,University of Arizona,2017,Doctoral Universities: Highest Research Activity,Arizona,Public,Land Grant Institution,36449,7302,39290,0,6844,1947,442,494,0,64,12211,11034,2325,8246,1433,3992,1324,,,,,,,,10356,2907,2157
104717,Grand Canyon University,2017,Doctoral Universities: Moderate Research Activity,Arizona,Private for-profit,Not a Land Grant Institution,16001,67283,42069,0,9814,8438,181,0,0,41,,,,,,,,,,,,,,,5798,1985,1985
105330,Northern Arizona University,2017,Doctoral Universities: Higher Research Activity,Arizona,Public,Not a Land Grant Institution,23899,7152,26699,0,5901,1219,38,109,0,55,7402,1481,1097,1695,2153,2470,1191,,,,,,,,3376,1349,1330
106245,University of Arkansas at Little Rock,2017,Doctoral Universities: Moderate Research Activity,Arkansas,Public,Not a Land Grant Institution,5886,5738,8137,308,1345,519,26,127,0,32,7563,1468,3217,2790,1253,2426,1716,,,,,,,,1531,547,544
106397,University of Arkansas,2017,Doctoral Universities: Highest Research Activity,Arkansas,Public,Land Grant Institution,22144,5414,24210,0,4524,1192,168,129,0,62,10173,6161,3972,2241,1433,2901,1393,,,,,,,,5209,1343,1261
109785,Azusa Pacific University,2017,Doctoral Universities: Moderate Research Activity,California,Private not-for-profit,Not a Land Grant Institution,7232,2694,8268,0,1586,1106,64,47,0,67,,,,,,,,9028,827,0,2032,3719,4470,2933,1868,839,839
110097,Biola University,2017,Doctoral Universities: Moderate Research Activity,California,Private not-for-profit,Not a Land Grant Institution,4779,1393,5313,0,1029,328,35,0,21,73,,,,,,,,11588,546,756,2753,4193,6279,0,1040,343,343
110316,California Institute of Integral Studies,2017,Doctoral Universities: Moderate Research Activity,California,Private not-for-profit,Not a Land Grant Institution,1103,314,1223,0,62,277,36,17,29,,,,,,,,,13260,0,1529,1385,2320,8679,0,212,107,107
110404,California Institute of Technology,2017,Doctoral Universities: Highest Research Activity,California,Private not-for-profit,Not a Land Grant Institution,2238,0,2238,0,254,122,180,0,0,89,,,,,,,,98888,111610,0,21313,9361,34444,18309,3175,1052,349
110468,Alliant International University-San Diego,2017,Doctoral Universities: Moderate Research Activity,California,Private for-profit,Not a Land Grant Institution,1742,2038,2532,0,46,418,335,8,0,,,,,,,,,,,,,,,,363,113,108
110556,California State University-Fresno,2017,Doctoral Universities: Moderate Research Activity,California,Public,Not a Land Grant Institution,21546,3779,23031,0,4364,838,0,55,19,56,7031,143,235,1918,2521,1919,4769,,,,,,,,2086,1011,1010
110565,California State University-Fullerton,2017,Doctoral Universities: Moderate Research Activity,California,Public,Not a Land Grant Institution,31157,9748,34963,0,8450,2038,0,16,26,66,7101,33,22,1438,1468,2844,4137,,,,,,,,2980,1397,1397
110635,University of California-Berkeley,2017,Doctoral Universities: Highest Research Activity,California,Public,Land Grant Institution,38952,2939,40066,0,7906,2609,818,364,0,91,20030,16303,2244,4937,5742,6977,7316,,,,,,,,10416,3376,1940
110644,University of California-Davis,2017,Doctoral Universities: Highest Research Activity,California,Public,Land Grant Institution,36047,1333,36562,0,7855,1101,517,402,0,85,25752,18024,2996,9093,4549,5079,3474,,,,,,,,11729,3871,2536
110653,University of California-Irvine,2017,Doctoral Universities: Highest Research Activity,California,Public,Not a Land Grant Institution,34452,790,34757,0,7148,1425,403,188,0,85,21993,9824,527,6176,3259,2745,12204,,,,,,,,7474,2716,1973
110662,University of California-Los Angeles,2017,Doctoral Universities: Highest Research Activity,California,Public,Not a Land Grant Institution,42454,1573,43046,0,8471,3336,770,648,0,91,49371,20088,3284,16843,4192,6357,6144,,,,,,,,20300,5187,3946
110671,University of California-Riverside,2017,Doctoral Universities: Highest Research Activity,California,Public,Land Grant Institution,22733,546,22945,0,4480,680,268,40,0,75,14536,6351,466,2718,4174,3447,2999,,,,,,,,4044,1399,1023
110680,University of California-San Diego,2017,Doctoral Universities: Highest Research Activity,California,Public,Not a Land Grant Institution,34566,1206,35032,0,7207,1590,531,198,0,85,26320,25208,787,14495,4143,6098,2009,,,,,,,,13007,4032,2574
110705,University of California-Santa Barbara,2017,Doctoral Universities: Highest Research Activity,California,Public,Not a Land Grant Institution,24465,592,24696,0,5373,520,321,0,0,81,12526,8436,638,3121,4304,3378,3791,,,,,,,,4557,1503,1055
110714,University of California-Santa Cruz,2017,Doctoral Universities: Highest Research Activity,California,Public,Not a Land Grant Institution,18892,565,19117,0,3982,366,167,0,0,77,10264,5922,1123,2587,4965,3153,5334,,,,,,,,3250,958,690
112251,Claremont Graduate University,2017,Doctoral Universities: Higher Research Activity,California,Private not-for-profit,Not a Land Grant Institution,1355,558,1568,0,0,441,174,0,0,,,,,,,,,30157,6162,853,6089,4345,10432,925,317,135,132
114549,Fielding Graduate University,2017,Doctoral Universities: Moderate Research Activity,California,Private not-for-profit,Not a Land Grant Institution,815,142,869,0,0,120,131,0,0,,,,,,,,,11208,864,0,2377,3334,5893,0,171,100,100
117140,University of La Verne,2017,Doctoral Universities: Moderate Research Activity,California,Private not-for-profit,Not a Land Grant Institution,5314,2845,6416,22,1243,924,72,37,0,66,,,,,,,,9077,0,0,2394,2848,5618,0,879,415,415
119678,Naval Postgraduate School,2017,Doctoral Universities: Higher Research Activity,California,Public,Not a Land Grant Institution,1390,1314,1865,0,0,1240,19,0,0,,,,,,,,,,,,,,,,908,496,340
120883,University of the Pacific,2017,Doctoral Universities: Moderate Research Activity,California,Private not-for-profit,Not a Land Grant Institution,5420,835,5740,0,781,437,49,507,0,70,,,,,,,,21147,2085,0,4014,3596,12029,189,1816,565,564
121150,Pepperdine University,2017,Doctoral Universities: Moderate Research Activity,California,Private not-for-profit,Not a Land Grant Institution,5728,1982,6489,0,954,1369,90,251,0,85,,,,,,,,11969,356,2068,7572,7244,8585,0,1667,489,489
122409,San Diego State University,2017,Doctoral Universities: Higher Research Activity,California,Public,Not a Land Grant Institution,30090,5068,32057,0,7085,1700,90,34,14,74,6889,181,149,2148,3064,1246,3124,,,,,,,,2831,1167,1161
122436,University of San Diego,2017,Doctoral Universities: Moderate Research Activity,California,Private not-for-profit,Not a Land Grant Institution,7319,1586,7927,0,1396,765,37,228,0,82,,,,,,,,15507,471,986,4206,4949,7131,0,1963,627,599
122597,San Francisco State University,2017,Doctoral Universities: Moderate Research Activity,California,Public,Not a Land Grant Institution,24215,5543,26405,0,6094,990,0,52,12,54,7998,684,137,1961,1584,2071,3965,,,,,,,,2617,1131,1125
122612,University of San Francisco,2017,Doctoral Universities: Moderate Research Activity,California,Private not-for-profit,Not a Land Grant Institution,10065,998,10449,0,1626,1475,33,185,0,77,,,,,,,,16898,252,209,3400,4661,5724,0,1692,727,727
123961,University of Southern California,2017,Doctoral Universities: Highest Research Activity,California,Private not-for-profit,Not a Land Grant Institution,39281,6406,41734,0,5080,8234,679,1110,14,92,,,,,,,,48382,10440,1403,1840,6651,12119,0,14737,4843,2905
125231,Walden University,2017,Doctoral Universities: Moderate Research Activity,Minnesota,Private for-profit,Not a Land Grant Institution,21409,28271,32286,0,1921,8653,1300,0,0,100,,,,,,,,,,,,,,,1847,1144,1144
126562,University of Colorado Denver/Anschutz Medical Campus,2017,Doctoral Universities: Higher Research Activity,Colorado,Public,Not a Land Grant Institution,12894,11945,17504,0,2375,2158,132,545,0,45,30280,18229,5778,4291,1624,4119,354,,,,,,,,11044,5107,4267
126614,University of Colorado Boulder,2017,Doctoral Universities: Highest Research Activity,Colorado,Public,Not a Land Grant Institution,29656,5682,31798,0,5539,1375,392,180,0,69,17025,13705,367,4025,1813,3219,518,,,,,,,,7856,2690,1831
126775,Colorado School of Mines,2017,Doctoral Universities: Higher Research Activity,Colorado,Public,Not a Land Grant Institution,5699,510,5892,0,1034,333,99,0,0,78,16040,10221,187,4188,1671,4763,15973,,,,,,,,1055,465,342
126818,Colorado State University-Fort Collins,2017,Doctoral Universities: Highest Research Activity,Colorado,Public,Land Grant Institution,25327,7756,28273,0,4971,1639,223,136,0,69,9866,6898,3753,2750,1124,1732,12297,,,,,,,,6799,3212,1811
127060,University of Denver,2017,Doctoral Universities: Higher Research Activity,Colorado,Private not-for-profit,Not a Land Grant Institution,8444,2990,9589,0,1366,2107,118,274,0,75,,,,,,,,15302,1439,986,6666,5110,5908,0,2539,937,923
127741,University of Northern Colorado,2017,Doctoral Universities: Higher Research Activity,Colorado,Public,Not a Land Grant Institution,9367,4032,10899,0,1887,661,108,0,0,48,10145,456,209,2867,3696,2848,1261,,,,,,,,1558,618,618
129020,University of Connecticut,2017,Doctoral Universities: Highest Research Activity,Connecticut,Public,Land Grant Institution,24221,3357,25464,30,5310,1871,345,425,0,83,22283,6249,3239,6415,1632,4844,11938,,,,,,,,8625,2533,2168
129525,University of Hartford,2017,Doctoral Universities: Moderate Research Activity,Connecticut,Private not-for-profit,Not a Land Grant Institution,5109,1452,5670,150,991,556,21,56,0,60,,,,,,,,14465,473,0,562,3530,4719,0,1166,350,350
130794,Yale University,2017,Doctoral Universities: Highest Research Activity,Connecticut,Private not-for-profit,Not a Land Grant Institution,12878,96,12915,0,1359,2183,375,334,0,97,,,,,,,,114770,34303,3882,23077,16358,16243,27527,14439,5348,3171
130943,University of Delaware,2017,Doctoral Universities: Highest Research Activity,Delaware,Public,Land Grant Institution,21384,2390,22314,288,3978,997,254,56,0,82,,,,,,,,18900,6732,2194,3443,1855,4350,394,4591,1195,1195
131113,Wilmington University,2017,Doctoral Universities: Moderate Research Activity,Delaware,Private not-for-profit,Not a Land Grant Institution,5056,9114,8596,64,1954,2422,80,0,0,26,,,,,,,,3833,0,0,967,1766,2111,113,1121,730,730
131159,American University,2017,Doctoral Universities: Higher Research Activity,District of Columbia,Private not-for-profit,Not a Land Grant Institution,10984,2874,12086,0,1734,1575,73,370,0,79,,,,,,,,14556,4065,2217,4769,3593,7523,0,2836,1055,1031
131283,Catholic University of America,2017,Doctoral Universities: Higher Research Activity,District of Columbia,Private not-for-profit,Not a Land Grant Institution,4207,1816,4902,1,738,600,110,111,0,74,,,,,,,,19118,2815,467,3637,5443,5496,0,1502,590,518
131469,George Washington University,2017,Doctoral Universities: Highest Research Activity,District of Columbia,Private not-for-profit,Not a Land Grant Institution,18668,9305,22235,219,2595,4363,251,914,0,81,,,,,,,,22517,8266,0,7712,4491,5437,698,5620,1759,1668
131496,Georgetown University,2017,Doctoral Universities: Highest Research Activity,District of Columbia,Private not-for-profit,Not a Land Grant Institution,14585,4420,16279,0,1801,3750,124,859,0,95,,,,,,,,30793,12251,805,11402,8465,8360,8192,5482,1948,1609
131520,Howard University,2017,Doctoral Universities: Higher Research Activity,District of Columbia,Private not-for-profit,Not a Land Grant Institution,8643,749,8932,0,1355,308,124,358,0,63,,,,,,,,23722,4793,1309,4306,3550,19994,0,2613,1294,1053
132471,Barry University,2017,Doctoral Universities: Moderate Research Activity,Florida,Private not-for-profit,Not a Land Grant Institution,5139,2219,5992,0,817,1009,37,244,0,35,,,,,,,,10959,0,0,877,1911,4808,0,1072,462,462
132903,University of Central Florida,2017,Doctoral Universities: Highest Research Activity,Florida,Public,Not a Land Grant Institution,44563,21496,53045,457,13071,2195,279,150,0,70,7050,2620,186,1478,1133,2393,2348,,,,,,,,5657,1986,1648
133650,Florida Agricultural and Mechanical University,2017,Doctoral Universities: Higher Research Activity,Florida,Public,Land Grant Institution,8518,1395,9071,48,1555,252,22,305,0,48,8896,2978,49,5040,916,4907,3682,,,,,,,,1719,664,596
133669,Florida Atlantic University,2017,Doctoral Universities: Higher Research Activity,Florida,Public,Not a Land Grant Institution,18527,11681,23116,269,5692,1470,115,85,0,51,7200,1965,234,2400,798,1939,2737,,,,,,,,3121,1069,989
133881,Florida Institute of Technology,2017,Doctoral Universities: Higher Research Activity,Florida,Private not-for-profit,Not a Land Grant Institution,4568,1834,5273,0,759,1125,57,14,0,60,,,,,,,,12134,2323,0,2169,3529,5371,0,1168,428,383
133951,Florida International University,2017,Doctoral Universities: Highest Research Activity,Florida,Public,Not a Land Grant Institution,33067,23651,42499,57,9520,3185,199,328,0,57,7565,2727,327,2637,1685,2295,2254,,,,,,,,5486,1817,1569
134097,Florida State University,2017,Doctoral Universities: Highest Research Activity,Florida,Public,Not a Land Grant Institution,35050,6312,37489,190,8611,2076,398,348,0,80,10014,4336,1058,2664,1511,1863,3350,,,,,,,,6630,2114,1611
134130,University of Florida,2017,Doctoral Universities: Highest Research Activity,Florida,Public,Land Grant Institution,43861,8808,47209,325,8267,4101,728,1280,0,88,16051,14575,14503,4544,931,3413,2929,,,,,,,,14407,4977,2777
135726,University of Miami,2017,Doctoral Universities: Highest Research Activity,Florida,Private not-for-profit,Not a Land Grant Institution,15610,1393,16149,0,2733,1465,209,546,0,84,,,,,,,,29853,13998,8557,8471,3044,10385,37750,11484,2741,1626
136215,Nova Southeastern University,2017,Doctoral Universities: Higher Research Activity,Florida,Private not-for-profit,Not a Land Grant Institution,12985,7808,15983,2,1261,3369,818,1156,0,52,,,,,,,,16553,1112,344,5087,1835,4625,9,4048,1184,1076
137148,Argosy University-Sarasota,2017,Doctoral Universities: Moderate Research Activity,Florida,Private for-profit,Not a Land Grant Institution,80,300,195,10,10,50,54,16,0,,,,,,,,,,,,,,,,33,14,14
137351,University of South Florida-Main Campus,2017,Doctoral Universities: Highest Research Activity,Florida,Public,Not a Land Grant Institution,31602,11938,36217,325,8100,3193,332,389,0,71,9671,8751,199,3530,1290,2387,3336,,,,,,,,7614,2359,1988
138354,The University of West Florida,2017,Doctoral Universities: Moderate Research Activity,Florida,Public,Not a Land Grant Institution,7427,5613,9587,833,2201,744,2,0,0,44,6318,1474,4734,2858,1282,1993,2567,,,,,,,,1517,453,429
138947,Clark Atlanta University,2017,Doctoral Universities: Higher Research Activity,Georgia,Private not-for-profit,Not a Land Grant Institution,3646,346,3779,0,430,244,43,0,0,40,,,,,,,,7347,1976,483,2489,2590,6268,0,568,231,213
139658,Emory University,2017,Doctoral Universities: Highest Research Activity,Georgia,Private not-for-profit,Not a Land Grant Institution,12630,1633,13255,0,1931,1507,251,534,0,91,,,,,,,,47872,33214,6899,9922,5859,13484,-362,11298,4290,2462
139755,Georgia Institute of Technology-Main Campus,2017,Doctoral Universities: Highest Research Activity,Georgia,Public,Not a Land Grant Institution,20483,8893,23767,0,3607,2561,508,0,0,85,12566,30396,2622,2401,1593,4438,614,,,,,,,,7350,1247,1063
139931,Georgia Southern University,2017,Doctoral Universities: Moderate Research Activity,Georgia,Public,Not a Land Grant Institution,16873,3545,18239,0,3228,837,66,0,0,50,6408,911,106,2116,1609,2429,447,,,,,,,,2717,869,844
139940,Georgia State University,2017,Doctoral Universities: Highest Research Activity,Georgia,Public,Not a Land Grant Institution,24989,7827,28066,0,5053,2016,262,272,0,53,7083,5826,763,2658,1483,1083,1029,,,,,,,,5203,1563,1472
139959,University of Georgia,2017,Doctoral Universities: Highest Research Activity,Georgia,Public,Land Grant Institution,33967,3639,35355,0,7128,1684,543,424,0,85,9779,11718,5092,3260,1514,2806,956,,,,,,,,10390,2849,2122
140447,Mercer University,2017,Doctoral Universities: Moderate Research Activity,Georgia,Private not-for-profit,Not a Land Grant Institution,6967,1686,7618,0,999,771,59,433,10,64,,,,,,,,12442,3569,158,3497,3163,2983,328,1617,593,518
141264,Valdosta State University,2017,Doctoral Universities: Moderate Research Activity,Georgia,Public,Not a Land Grant Institution,7977,3364,9261,28,1626,651,30,11,0,37,6718,25,194,1612,2363,2662,1159,,,,,,,,1186,471,471
141334,University of West Georgia,2017,Doctoral Universities: Moderate Research Activity,Georgia,Public,Not a Land Grant Institution,9578,3942,11100,0,1791,549,39,0,0,40,7083,183,32,1928,1575,2117,733,,,,,,,,1703,560,559
141574,University of Hawaii at Manoa,2017,Doctoral Universities: Highest Research Activity,Hawaii,Public,Land Grant Institution,13292,4320,14946,0,3298,978,190,197,0,60,22317,15588,3828,5811,2542,1879,6334,,,,,,,,4205,1606,1362
142115,Boise State University,2017,Doctoral Universities: Moderate Research Activity,Idaho,Public,Not a Land Grant Institution,13545,10576,17716,114,3168,776,36,0,0,44,7859,1827,1133,2158,1205,1998,1889,,,,,,,,2713,1045,1013
142276,Idaho State University,2017,Doctoral Universities: Moderate Research Activity,Idaho,Public,Not a Land Grant Institution,7545,4948,9514,405,1168,382,37,123,0,30,11741,1987,452,2275,1128,2735,1323,,,,,,,,1741,642,635
142285,University of Idaho,2017,Doctoral Universities: Higher Research Activity,Idaho,Public,Land Grant Institution,8508,3564,9911,0,1733,509,54,111,0,55,11464,8073,3671,1695,2482,4292,5690,,,,,,,,2493,818,644
144050,University of Chicago,2017,Doctoral Universities: Highest Research Activity,Illinois,Private not-for-profit,Not a Land Grant Institution,13802,2425,14729,0,1397,2811,387,301,0,93,,,,,,,,89151,25324,0,7341,6818,17668,1372,10223,3692,2369
144740,DePaul University,2017,Doctoral Universities: Moderate Research Activity,Illinois,Private not-for-profit,Not a Land Grant Institution,18345,4424,20056,0,3735,2395,21,241,0,71,,,,,,,,12582,551,495,2948,3251,3541,0,2864,1230,1230
145600,University of Illinois at Chicago,2017,Doctoral Universities: Highest Research Activity,Illinois,Public,Not a Land Grant Institution,25927,4612,27657,0,3917,2447,370,692,0,57,30165,10344,8785,7417,2463,2269,2926,,,,,,,,11348,2650,2330
145619,Benedictine University,2017,Doctoral Universities: Moderate Research Activity,Illinois,Private not-for-profit,Not a Land Grant Institution,2843,2257,3710,18,820,1080,31,0,0,50,,,,,,,,6919,54,229,1653,5072,3437,2,684,309,309
145637,University of Illinois at Urbana-Champaign,2017,Doctoral Universities: Highest Research Activity,Illinois,Public,Land Grant Institution,42850,5366,44847,0,8096,3356,827,268,0,85,14734,10828,4792,7610,3062,1591,3982,,,,,,,,10762,2641,2389
145725,Illinois Institute of Technology,2017,Doctoral Universities: Higher Research Activity,Illinois,Private not-for-profit,Not a Land Grant Institution,6103,1061,6511,0,691,1771,87,226,0,72,,,,,,,,11376,10644,0,2508,2558,8218,0,1213,413,413
145770,Argosy University-Chicago,2017,Doctoral Universities: Moderate Research Activity,Illinois,Private for-profit,Not a Land Grant Institution,231,297,345,0,33,52,28,33,0,3,,,,,,,,,,,,,,,62,29,29
145813,Illinois State University,2017,Doctoral Universities: Higher Research Activity,Illinois,Public,Not a Land Grant Institution,18368,2416,19291,0,4414,683,53,19,0,69,15761,888,695,1302,2528,2625,2993,,,,,,,,3161,967,967
146719,Loyola University Chicago,2017,Doctoral Universities: Higher Research Activity,Illinois,Private not-for-profit,Not a Land Grant Institution,14600,2073,15400,0,2481,1551,136,371,0,77,,,,,,,,12176,1615,1067,4674,3598,8027,0,2734,1237,1174
147536,National Louis University,2017,Doctoral Universities: Moderate Research Activity,Illinois,Private not-for-profit,Not a Land Grant Institution,2518,2400,3442,0,435,1065,55,0,0,50,,,,,,,,6151,0,2088,2502,4629,3212,321,541,189,189
147703,Northern Illinois University,2017,Doctoral Universities: Higher Research Activity,Illinois,Public,Not a Land Grant Institution,13879,4166,15456,0,3522,1489,136,110,0,45,14104,1265,1816,2953,2158,3911,2264,,,,,,,,3037,958,936
147767,Northwestern University,2017,Doctoral Universities: Highest Research Activity,Illinois,Private not-for-profit,Not a Land Grant Institution,17664,4344,19329,0,2326,4340,454,492,0,94,,,,,,,,44763,24984,0,14111,11553,15068,0,10316,3573,2397
149222,Southern Illinois University-Carbondale,2017,Doctoral Universities: Higher Research Activity,Illinois,Public,Not a Land Grant Institution,11877,2677,12909,91,3240,869,174,179,0,40,17879,3110,2892,17815,4409,4867,2192,,,,,,,,4357,1234,1062
149514,Trinity International University-Illinois,2017,Doctoral Universities: Moderate Research Activity,Illinois,Private not-for-profit,Not a Land Grant Institution,1035,1126,1469,0,187,209,39,0,0,52,,,,,,,,11998,0,0,1690,4641,5353,0,385,144,144
150136,Ball State University,2017,Doctoral Universities: Higher Research Activity,Indiana,Public,Not a Land Grant Institution,16440,6073,18712,54,3427,1702,77,2,0,62,10886,618,818,3033,1061,3266,792,,,,,,,,3289,1112,1112
151111,Indiana University-Purdue University-Indianapolis,2017,Doctoral Universities: Higher Research Activity,Indiana,Public,Not a Land Grant Institution,22305,7486,25184,94,4185,1761,100,726,0,45,16407,7370,3521,9456,1442,800,1084,,,,,,,,7941,3341,2799
151324,Indiana State University,2017,Doctoral Universities: Moderate Research Activity,Indiana,Public,Not a Land Grant Institution,10330,3433,11664,0,1914,622,76,31,0,39,7498,796,384,2298,1588,2026,1031,,,,,,,,1659,527,527
151351,Indiana University-Bloomington,2017,Doctoral Universities: Highest Research Activity,Indiana,Public,Not a Land Grant Institution,38505,5205,40439,4,7553,2690,456,256,0,77,14714,2342,1034,4718,1560,2765,1956,,,,,,,,8925,2634,2169
152080,University of Notre Dame,2017,Doctoral Universities: Highest Research Activity,Indiana,Private not-for-profit,Not a Land Grant Institution,12255,212,12336,0,2146,1062,239,206,0,95,,,,,,,,29029,9803,2819,8708,4028,16344,151,5967,1531,1241
153603,Iowa State University,2017,Doctoral Universities: Highest Research Activity,Iowa,Public,Land Grant Institution,32169,3989,33688,0,6553,1033,352,143,0,73,9702,6202,2686,6126,1303,1685,977,,,,,,,,6301,2401,1679
153658,University of Iowa,2017,Doctoral Universities: Highest Research Activity,Iowa,Public,Not a Land Grant Institution,25972,6194,28350,0,4811,1242,464,458,0,74,13779,13620,3725,6223,1646,2572,2659,,,,,,,,9926,2823,2528
155317,University of Kansas,2017,Doctoral Universities: Highest Research Activity,Kansas,Public,Not a Land Grant Institution,22888,4737,24693,0,4046,1645,353,585,0,63,18034,11444,1842,2937,1591,2974,1072,,,,,,,,8094,3489,2358
155399,Kansas State University,2017,Doctoral Universities: Highest Research Activity,Kansas,Public,Land Grant Institution,19359,3436,20674,14,3959,1048,191,112,0,63,12121,8911,4230,2707,1543,2080,1612,,,,,,,,4771,1485,1150
156125,Wichita State University,2017,Doctoral Universities: Higher Research Activity,Kansas,Public,Not a Land Grant Institution,9992,5083,11983,68,2112,761,50,60,0,48,6380,4204,1678,2550,2525,1792,5134,,,,,,,,2111,521,521
156541,University of the Cumberlands,2017,Doctoral Universities: Moderate Research Activity,Kentucky,Private not-for-profit,Not a Land Grant Institution,3176,6921,5836,6,418,1421,56,0,0,41,,,,,,,,3339,0,84,426,1370,2332,0,531,272,272
157085,University of Kentucky,2017,Doctoral Universities: Highest Research Activity,Kentucky,Public,Land Grant Institution,26396,3069,27580,0,4636,1181,326,566,0,65,12475,11331,21387,4306,1605,2880,1478,,,,,,,,10501,2823,1827
157289,University of Louisville,2017,Doctoral Universities: Highest Research Activity,Kentucky,Public,Not a Land Grant Institution,16092,5310,18160,15,2994,1379,158,350,0,54,16438,8291,8275,8318,2079,5846,1739,,,,,,,,6376,1999,1999
157757,Spalding University,2017,Doctoral Universities: Moderate Research Activity,Kentucky,Private not-for-profit,Not a Land Grant Institution,1423,648,1674,4,205,295,41,6,0,45,,,,,,,,8211,161,0,646,2480,5158,0,304,158,158
159391,Louisiana State University and Agricultural & Mechanical College,2017,Doctoral Universities: Highest Research Activity,Louisiana,Public,Land Grant Institution,26289,4572,28084,0,4930,1101,315,269,0,67,11087,9329,2865,3852,1160,2570,1405,,,,,,,,6105,1873,1386
159647,Louisiana Tech University,2017,Doctoral Universities: Moderate Research Activity,Louisiana,Public,Not a Land Grant Institution,8910,3929,10467,62,1311,417,52,3,0,53,5576,2185,25,1691,756,1406,1475,,,,,,,,1019,425,411
159939,University of New Orleans,2017,Doctoral Universities: Higher Research Activity,Louisiana,Public,Not a Land Grant Institution,5479,2485,6450,0,1182,492,43,0,0,32,7865,2236,2567,1560,1586,2797,1768,,,,,,,,1115,319,308
159993,University of Louisiana at Monroe,2017,Doctoral Universities: Moderate Research Activity,Louisiana,Public,Not a Land Grant Institution,6016,3165,7275,62,1127,260,27,95,0,41,6819,877,1455,1124,1436,2333,1079,,,,,,,,899,407,349
160658,University of Louisiana at Lafayette,2017,Doctoral Universities: Higher Research Activity,Louisiana,Public,Not a Land Grant Institution,13691,3606,15117,0,2987,440,63,0,0,44,7588,3530,419,1600,1170,2970,1834,,,,,,,,1899,726,685
160755,Tulane University of Louisiana,2017,Doctoral Universities: Highest Research Activity,Louisiana,Private not-for-profit,Not a Land Grant Institution,10486,1898,11224,57,1753,1495,146,378,0,83,,,,,,,,25525,12058,2081,2027,6707,8462,815,4721,1632,1235
161253,University of Maine,2017,Doctoral Universities: Higher Research Activity,Maine,Public,Land Grant Institution,9007,2233,9860,0,1681,371,58,0,0,58,9922,7858,4194,3777,2856,3535,1132,,,,,,,,2328,670,607
162928,Johns Hopkins University,2017,Doctoral Universities: Highest Research Activity,Maryland,Private not-for-profit,Not a Land Grant Institution,14393,10758,18508,0,1498,5643,553,129,0,93,,,,,,,,81446,121499,0,2102,4817,20836,0,17762,4744,3804
163268,University of Maryland-Baltimore County,2017,Doctoral Universities: Higher Research Activity,Maryland,Public,Not a Land Grant Institution,10669,2993,11822,0,2572,631,88,0,0,63,11426,6788,1942,2450,1922,4103,2239,,,,,,,,2092,786,645
163286,University of Maryland-College Park,2017,Doctoral Universities: Highest Research Activity,Maryland,Public,Land Grant Institution,35815,4706,37608,0,7308,2837,567,33,0,85,14948,13212,2691,5673,1699,3672,4455,,,,,,,,9398,3733,2098
163338,University of Maryland Eastern Shore,2017,Doctoral Universities: Moderate Research Activity,Maryland,Public,Land Grant Institution,2987,503,3181,0,514,50,21,87,0,38,12436,3034,790,3212,1751,4429,167,,,,,,,,730,252,242
163453,Morgan State University,2017,Doctoral Universities: Moderate Research Activity,Maryland,Public,Not a Land Grant Institution,6807,940,7173,0,970,306,54,0,0,38,9551,3906,77,3615,1151,6238,5141,,,,,,,,1683,574,533
164447,American International College,2017,Doctoral Universities: Moderate Research Activity,Massachusetts,Private not-for-profit,Not a Land Grant Institution,1753,1530,2339,1,301,667,13,28,0,41,,,,,,,,6536,0,0,343,4569,6669,99,401,185,185
164924,Boston College,2017,Doctoral Universities: Highest Research Activity,Massachusetts,Private not-for-profit,Not a Land Grant Institution,13209,1419,13754,0,2369,1393,122,238,0,92,,,,,,,,23796,3351,351,5580,5057,9868,0,3733,1282,1044
164988,Boston University,2017,Doctoral Universities: Highest Research Activity,Massachusetts,Private not-for-profit,Not a Land Grant Institution,26986,6369,29433,0,4200,4589,509,557,0,87,,,,,,,,30039,5353,1386,3433,2690,5013,433,9219,3822,3196
165015,Brandeis University,2017,Doctoral Universities: Highest Research Activity,Massachusetts,Private not-for-profit,Not a Land Grant Institution,5158,563,5373,0,904,799,86,0,0,90,,,,,,,,19277,8226,0,7025,5507,6723,93,1638,601,417
165334,Clark University,2017,Doctoral Universities: Moderate Research Activity,Massachusetts,Private not-for-profit,Not a Land Grant Institution,2959,194,3034,0,580,447,31,0,0,83,,,,,,,,12561,2186,0,4321,3863,4567,0,691,267,248
166027,Harvard University,2017,Doctoral Universities: Highest Research Activity,Massachusetts,Private not-for-profit,Not a Land Grant Institution,20918,10202,24846,7,1767,4545,718,810,0,96,,,,,,,,43823,39570,0,29143,7467,33484,5419,17320,4512,2246
166452,Lesley University,2017,Doctoral Universities: Moderate Research Activity,Massachusetts,Private not-for-profit,Not a Land Grant Institution,2346,2386,3262,0,439,914,33,0,0,60,,,,,,,,10971,0,0,3274,5217,4650,0,656,298,298
166513,University of Massachusetts-Lowell,2017,Doctoral Universities: Higher Research Activity,Massachusetts,Public,Not a Land Grant Institution,11762,6553,14279,39,2564,1018,73,37,0,60,11575,4107,102,3305,3263,3950,718,,,,,,,,1874,821,787
166629,University of Massachusetts-Amherst,2017,Doctoral Universities: Highest Research Activity,Massachusetts,Public,Land Grant Institution,24142,6198,26460,34,6111,1392,307,60,0,77,15975,4690,1132,3031,2561,3063,867,,,,,,,,5591,1759,1472
166638,University of Massachusetts-Boston,2017,Doctoral Universities: Higher Research Activity,Massachusetts,Public,Not a Land Grant Institution,10926,5489,13041,0,2658,994,67,14,0,48,14654,3940,633,3125,2462,5082,1280,,,,,,,,2028,849,849
166683,Massachusetts Institute of Technology,2017,Doctoral Universities: Highest Research Activity,Massachusetts,Private not-for-profit,Not a Land Grant Institution,11181,285,11290,0,1121,1790,622,0,0,94,,,,,,,,77686,128762,138,32265,8103,47324,0,12842,6011,1456
167358,Northeastern University,2017,Doctoral Universities: Highest Research Activity,Massachusetts,Private not-for-profit,Not a Land Grant Institution,20616,873,20950,0,3765,2225,228,367,0,87,,,,,,,,18038,5318,149,7798,5273,5665,20,4047,1473,1451
167987,University of Massachusetts-Dartmouth,2017,Doctoral Universities: Higher Research Activity,Massachusetts,Public,Not a Land Grant Institution,6502,1904,7231,0,1421,403,34,61,0,48,12425,1795,507,3499,3004,4084,650,,,,,,,,1225,469,466
168005,Suffolk University,2017,Doctoral Universities: Moderate Research Activity,Massachusetts,Private not-for-profit,Not a Land Grant Institution,5873,1328,6383,2,1178,528,14,320,0,60,,,,,,,,10008,107,456,5939,4190,6307,2644,1059,460,460
168148,Tufts University,2017,Doctoral Universities: Highest Research Activity,Massachusetts,Private not-for-profit,Not a Land Grant Institution,10598,851,10924,0,1361,1261,139,525,0,93,,,,,,,,22061,13087,0,19419,2617,10578,0,4427,1542,1060
168421,Worcester Polytechnic Institute,2017,Doctoral Universities: Higher Research Activity,Massachusetts,Private not-for-profit,Not a Land Grant Institution,5150,1492,5721,0,1028,747,46,0,0,89,,,,,,,,19378,4450,0,2866,4049,5530,0,1198,464,423
168740,Andrews University,2017,Doctoral Universities: Moderate Research Activity,Michigan,Private not-for-profit,Not a Land Grant Institution,2244,1056,2651,3,376,292,62,0,52,55,,,,,,,,12945,651,351,4433,2063,4491,0,752,234,234
169248,Central Michigan University,2017,Doctoral Universities: Higher Research Activity,Michigan,Public,Not a Land Grant Institution,17343,5914,19575,0,3643,1902,50,134,0,58,8551,750,964,2824,1528,2041,1047,,,,,,,,2559,956,954
169798,Eastern Michigan University,2017,Doctoral Universities: Moderate Research Activity,Michigan,Public,Not a Land Grant Institution,13336,7189,16137,0,3409,1154,56,0,0,40,7243,304,766,2008,1113,1892,5398,,,,,,,,1972,936,936
170976,University of Michigan-Ann Arbor,2017,Doctoral Universities: Highest Research Activity,Michigan,Public,Not a Land Grant Institution,43517,2485,44463,0,7059,4442,813,702,0,92,25620,19958,4055,9068,2556,4965,3336,,,,,,,,21791,7050,7050
171100,Michigan State University,2017,Doctoral Universities: Highest Research Activity,Michigan,Public,Land Grant Institution,43507,6512,46013,0,9298,2270,552,633,0,79,16849,8412,6345,2906,1132,3155,8768,,,,,,,,12063,4092,3098
171128,Michigan Technological University,2017,Doctoral Universities: Higher Research Activity,Michigan,Public,Not a Land Grant Institution,6483,809,6792,1,1066,489,88,0,0,67,11585,8997,1666,3805,2269,4093,1478,,,,,,,,1473,565,426
171571,Oakland University,2017,Doctoral Universities: Moderate Research Activity,Michigan,Public,Not a Land Grant Institution,14358,4975,16298,0,3404,808,43,134,0,46,7908,722,309,3163,2388,1777,608,,,,,,,,1982,839,833
172644,Wayne State University,2017,Doctoral Universities: Highest Research Activity,Michigan,Public,Not a Land Grant Institution,18298,8766,21674,0,3578,2166,265,530,0,47,12570,7684,2754,3617,1912,3804,537,,,,,,,,5494,2723,1932
172699,Western Michigan University,2017,Doctoral Universities: Higher Research Activity,Michigan,Public,Not a Land Grant Institution,16173,6696,18715,0,3774,1312,125,6,0,51,11914,1243,505,3570,1272,2423,3138,,,,,,,,2845,1049,1049
174066,University of Minnesota-Twin Cities,2017,Doctoral Universities: Highest Research Activity,Minnesota,Public,Land Grant Institution,39705,12143,44325,0,7807,3485,702,984,0,80,15511,17088,5906,9224,2676,5806,5374,,,,,,,,16832,5845,3962
174914,University of St Thomas,2017,Doctoral Universities: Moderate Research Activity,Minnesota,Private not-for-profit,Not a Land Grant Institution,7086,2792,8155,0,1368,1115,62,123,0,77,,,,,,,,14324,106,230,2363,3608,4461,0,1535,568,568
175856,Jackson State University,2017,Doctoral Universities: Higher Research Activity,Mississippi,Public,Not a Land Grant Institution,6748,1810,7426,0,942,391,91,0,0,34,9004,2433,101,1327,2865,3523,2063,,,,,,,,1161,438,438
176017,University of Mississippi,2017,Doctoral Universities: Highest Research Activity,Mississippi,Public,Not a Land Grant Institution,20738,2398,21657,0,4172,942,105,481,0,60,13377,5651,904,2727,941,6402,1984,,,,,,,,11911,1929,1929
176080,Mississippi State University,2017,Doctoral Universities: Higher Research Activity,Mississippi,Public,Land Grant Institution,18775,3108,19962,0,3518,737,176,80,0,58,8159,8708,5857,2104,1067,2903,1190,,,,,,,,4547,1256,1002
176372,University of Southern Mississippi,2017,Doctoral Universities: Higher Research Activity,Mississippi,Public,Not a Land Grant Institution,11842,2636,12855,0,2380,719,156,0,0,47,8878,4197,1632,2179,954,2350,1781,,,,,,,,2415,793,742
177968,Lindenwood University,2017,Doctoral Universities: Moderate Research Activity,Missouri,Private not-for-profit,Not a Land Grant Institution,7497,2528,8471,0,1787,1181,63,0,0,50,,,,,,,,4827,0,0,1207,4098,2116,0,1272,635,635
178059,Maryville University of Saint Louis,2017,Doctoral Universities: Moderate Research Activity,Missouri,Private not-for-profit,Not a Land Grant Institution,2929,4760,4756,0,587,1061,147,0,0,72,,,,,,,,6296,0,0,1476,2108,3229,0,589,325,325
178396,University of Missouri-Columbia,2017,Doctoral Universities: Highest Research Activity,Missouri,Public,Land Grant Institution,26686,4158,28257,0,6331,1684,500,313,0,68,12083,5355,4329,3127,1474,2051,1313,,,,,,,,9010,2539,2080
178402,University of Missouri-Kansas City,2017,Doctoral Universities: Higher Research Activity,Missouri,Public,Not a Land Grant Institution,9692,6680,12301,0,1824,1082,122,473,0,48,13714,1489,2335,3364,1730,3290,1074,,,,,,,,2779,925,903
178411,Missouri University of Science and Technology,2017,Doctoral Universities: Higher Research Activity,Missouri,Public,Not a Land Grant Institution,7344,1539,7934,0,1320,625,88,0,0,64,14144,3811,637,1405,3366,2538,1182,,,,,,,,1365,441,416
178420,University of Missouri-St Louis,2017,Doctoral Universities: Higher Research Activity,Missouri,Public,Not a Land Grant Institution,6507,10208,10546,0,2071,826,106,43,0,56,9876,1036,2479,2429,1851,2022,1054,,,,,,,,1544,583,549
179159,Saint Louis University,2017,Doctoral Universities: Higher Research Activity,Missouri,Private not-for-profit,Not a Land Grant Institution,10707,3874,12223,1,1723,932,282,334,0,77,,,,,,,,19514,3146,810,4660,2251,7470,209,4866,1496,1373
179867,Washington University in St Louis,2017,Doctoral Universities: Highest Research Activity,Missouri,Private not-for-profit,Not a Land Grant Institution,13248,2055,14040,14,1727,1969,288,503,0,94,,,,,,,,118824,33293,2441,12175,5830,9598,0,14288,3838,1778
180461,Montana State University,2017,Doctoral Universities: Higher Research Activity,Montana,Public,Land Grant Institution,12992,3621,14396,78,2370,487,66,18,0,54,7962,8735,2265,2414,2366,1695,1128,,,,,,,,2755,800,751
180489,The University of Montana,2017,Doctoral Universities: Higher Research Activity,Montana,Public,Not a Land Grant Institution,8659,3206,9897,284,1667,452,56,349,0,46,9899,5628,2895,3250,2605,2776,1530,,,,,,,,2043,749,588
181394,University of Nebraska at Omaha,2017,Doctoral Universities: Moderate Research Activity,Nebraska,Public,Not a Land Grant Institution,10850,4881,12733,0,2419,880,40,0,0,47,8886,863,960,1505,937,1794,1902,,,,,,,,1725,728,713
181464,University of Nebraska-Lincoln,2017,Doctoral Universities: Highest Research Activity,Nebraska,Public,Land Grant Institution,22253,3826,23696,0,3958,948,299,118,0,68,12043,9689,3714,3625,885,2251,5110,,,,,,,,6136,1877,1354
182281,University of Nevada-Las Vegas,2017,Doctoral Universities: Higher Research Activity,Nevada,Public,Not a Land Grant Institution,21703,8768,25139,0,4053,1068,155,205,0,42,9791,1671,445,3268,3002,1856,1718,,,,,,,,4210,1430,1393
182290,University of Nevada-Reno,2017,Doctoral Universities: Higher Research Activity,Nevada,Public,Land Grant Institution,17053,4604,18834,0,3587,632,117,61,0,55,14571,4624,3151,3067,2915,2745,710,,,,,,,,3473,1207,1041
182670,Dartmouth College,2017,Doctoral Universities: Higher Research Activity,New Hampshire,Private not-for-profit,Not a Land Grant Institution,6389,120,6435,0,1069,673,83,72,0,96,,,,,,,,29248,26010,212,36649,13476,15634,6538,3889,834,782
183044,University of New Hampshire-Main Campus,2017,Doctoral Universities: Higher Research Activity,New Hampshire,Public,Land Grant Institution,13984,1379,14497,84,2743,768,62,1,0,78,11696,7475,648,3513,1379,2593,105,,,,,,,,3041,900,786
184782,Rowan University,2017,Doctoral Universities: Moderate Research Activity,New Jersey,Public,Not a Land Grant Institution,15126,3358,16415,0,2973,556,40,213,0,69,13594,1092,717,3780,2405,5809,3775,,,,,,,,3016,1038,1010
185590,Montclair State University,2017,Doctoral Universities: Moderate Research Activity,New Jersey,Public,Not a Land Grant Institution,16421,4592,18162,0,3707,1177,18,10,0,65,9764,729,940,2009,1211,3274,896,,,,,,,,2412,1042,1042
185828,New Jersey Institute of Technology,2017,Doctoral Universities: Higher Research Activity,New Jersey,Public,Not a Land Grant Institution,8214,3232,9471,0,1512,1281,59,0,0,64,13790,9521,500,3686,3306,7980,1022,,,,,,,,1527,598,535
186131,Princeton University,2017,Doctoral Universities: Highest Research Activity,New Jersey,Private not-for-profit,Not a Land Grant Institution,8139,134,8192,0,1280,630,358,0,0,97,,,,,,,,53658,46103,1061,23990,16200,22976,7789,6094,1023,1023
186380,Rutgers University-New Brunswick,2017,Doctoral Universities: Highest Research Activity,New Jersey,Public,Land Grant Institution,42194,7383,44947,106,8377,2998,636,686,0,80,17364,9836,4922,7391,2034,4168,2179,,,,,,,,17637,4901,4057
186399,Rutgers University-Newark,2017,Doctoral Universities: Higher Research Activity,New Jersey,Public,Not a Land Grant Institution,9010,3758,10427,0,1559,1110,77,200,0,68,11571,1457,3075,11617,3464,4641,2155,,,,,,,,1794,786,713
186584,Seton Hall University,2017,Doctoral Universities: Moderate Research Activity,New Jersey,Private not-for-profit,Not a Land Grant Institution,7265,2536,8238,0,1410,940,78,197,0,67,,,,,,,,10812,328,621,4923,4991,5508,103,1550,673,673
186867,Stevens Institute of Technology,2017,Doctoral Universities: Higher Research Activity,New Jersey,Private not-for-profit,Not a Land Grant Institution,5615,1301,6112,0,638,1471,56,0,0,83,,,,,,,,11788,4174,174,4190,4209,4210,109,954,377,320
187985,University of New Mexico-Main Campus,2017,Doctoral Universities: Highest Research Activity,New Mexico,Public,Not a Land Grant Institution,18448,7773,21480,0,4006,1233,195,335,0,49,12764,8742,18861,2264,1304,2907,4271,,,,,,,,6839,2225,1975
188030,New Mexico State University-Main Campus,2017,Doctoral Universities: Higher Research Activity,New Mexico,Public,Land Grant Institution,11175,3257,12437,27,2596,711,103,8,0,46,10678,8210,4992,1870,1234,2077,2962,,,,,,,,2876,896,719
188429,Adelphi University,2017,Doctoral Universities: Moderate Research Activity,New York,Private not-for-profit,Not a Land Grant Institution,6329,1649,6963,37,1245,902,28,6,0,68,,,,,,,,13369,114,1146,3198,4783,4403,0,1387,577,577
190044,Clarkson University,2017,Doctoral Universities: Moderate Research Activity,New York,Private not-for-profit,Not a Land Grant Institution,3667,566,3884,0,712,297,32,24,0,73,,,,,,,,14483,2967,136,3091,4382,4933,0,780,297,279
190150,Columbia University in the City of New York,2017,Doctoral Universities: Highest Research Activity,New York,Private not-for-profit,Not a Land Grant Institution,25404,5050,27340,0,2015,7864,570,761,0,95,,,,,,,,89742,22976,7596,4186,5297,12574,0,17784,6759,4654
190415,Cornell University,2017,Doctoral Universities: Highest Research Activity,New York,Private not-for-profit,Land Grant Institution,22923,93,22959,0,3634,2717,501,303,0,93,,,,,,,,29285,16025,6957,11005,7305,14502,1997,10226,2896,1861
190576,CUNY Graduate School and University Center,2017,Doctoral Universities: Highest Research Activity,New York,Public,Not a Land Grant Institution,3958,3716,5371,0,376,775,431,10,0,,45088,4913,1179,9409,4600,10465,12340,,,,,,,,1069,366,348
191241,Fordham University,2017,Doctoral Universities: Higher Research Activity,New York,Private not-for-profit,Not a Land Grant Institution,13390,2647,14406,0,2058,2408,130,348,0,79,,,,,,,,13924,1073,1173,5693,5293,4878,0,2638,1027,1027
191649,Hofstra University,2017,Doctoral Universities: Moderate Research Activity,New York,Private not-for-profit,Not a Land Grant Institution,9497,1634,10125,0,1456,1080,54,311,0,63,,,,,,,,17048,191,1384,2260,4975,5115,0,2068,743,743
193654,The New School,2017,Doctoral Universities: Higher Research Activity,New York,Private not-for-profit,Not a Land Grant Institution,8824,1565,9432,352,1482,1140,47,0,0,67,,,,,,,,15450,1511,0,8202,3155,7804,5052,2051,1035,1035
193900,New York University,2017,Doctoral Universities: Highest Research Activity,New York,Private not-for-profit,Not a Land Grant Institution,42324,8799,45697,74,5991,8545,445,1011,40,84,,,,,,,,30614,22321,377,1683,2555,12755,38583,19617,7077,7063
194310,Pace University-New York,2017,Doctoral Universities: Moderate Research Activity,New York,Private not-for-profit,Not a Land Grant Institution,10194,2792,11269,39,1816,1388,17,199,0,54,,,,,,,,10757,381,0,4143,3725,4488,0,2149,784,784
194824,Rensselaer Polytechnic Institute,2017,Doctoral Universities: Higher Research Activity,New York,Private not-for-profit,Not a Land Grant Institution,7463,129,7513,0,1451,429,122,0,0,83,,,,,,,,17911,13872,0,3309,3915,6524,3615,1757,622,467
195003,Rochester Institute of Technology,2017,Doctoral Universities: Moderate Research Activity,New York,Private not-for-profit,Not a Land Grant Institution,14919,1665,15567,123,2422,1176,25,0,0,67,,,,,,,,19578,2918,994,4378,3490,4066,44,3664,1200,1171
195030,University of Rochester,2017,Doctoral Universities: Highest Research Activity,New York,Private not-for-profit,Not a Land Grant Institution,9766,1882,10488,0,1818,1292,249,105,0,85,,,,,,,,31359,24826,1539,5338,5737,11676,0,8415,2779,2346
195049,Rockefeller University,2017,Doctoral Universities: Higher Research Activity,New York,Private not-for-profit,Not a Land Grant Institution,232,0,232,0,0,3,23,0,0,,,,,,,,,0,3911509,0,574921,215843,661887,1,1490,535,89
195720,Saint John Fisher College,2017,Doctoral Universities: Moderate Research Activity,New York,Private not-for-profit,Not a Land Grant Institution,3253,523,3454,0,726,213,47,85,0,74,,,,,,,,11411,0,0,2399,3964,2858,206,673,310,310
195809,St John's University-New York,2017,Doctoral Universities: Moderate Research Activity,New York,Private not-for-profit,Not a Land Grant Institution,14213,7127,16992,14,2081,1171,122,486,0,58,,,,,,,,11030,368,0,3618,2809,4344,235,2067,911,911
196060,SUNY at Albany,2017,Doctoral Universities: Highest Research Activity,New York,Public,Not a Land Grant Institution,14849,2894,15928,0,3029,1212,167,0,0,65,14648,1925,2689,3523,1791,5113,1330,,,,,,,,2714,836,825
196079,Binghamton University,2017,Doctoral Universities: Higher Research Activity,New York,Public,Not a Land Grant Institution,15442,1909,16149,0,3347,1206,150,3,0,82,12671,1847,374,4087,1826,3331,853,,,,,,,,2448,835,816
196088,University at Buffalo,2017,Doctoral Universities: Highest Research Activity,New York,Public,Not a Land Grant Institution,25707,4941,27562,0,4873,2208,343,603,0,75,17902,4307,475,5140,1405,5207,1074,,,,,,,,4875,1910,1847
196097,Stony Brook University,2017,Doctoral Universities: Highest Research Activity,New York,Public,Not a Land Grant Institution,21770,4219,23344,0,4289,2136,317,275,0,72,22730,4475,1111,5322,2567,5758,1322,,,,,,,,4580,2175,2081
196103,SUNY College of Environmental Science and Forestry,2017,Doctoral Universities: Moderate Research Activity,New York,Public,Not a Land Grant Institution,1985,228,2070,44,397,102,20,0,0,78,18959,7643,988,5695,2994,7028,572,,,,,,,,404,137,134
196413,Syracuse University,2017,Doctoral Universities: Highest Research Activity,New York,Private not-for-profit,Not a Land Grant Institution,19238,3246,20484,4,3563,2173,189,159,0,83,,,,,,,,17059,3049,0,5227,5145,4775,0,4819,1396,1318
196468,Teachers College at Columbia University,2017,Doctoral Universities: Higher Research Activity,New York,Private not-for-profit,Not a Land Grant Institution,2433,2268,3300,0,0,1978,199,0,0,,,,,,,,,17489,10521,98,4312,2510,9303,0,1168,346,346
197708,Yeshiva University,2017,Doctoral Universities: Higher Research Activity,New York,Private not-for-profit,Not a Land Grant Institution,5225,1105,5648,433,582,407,102,471,0,82,,,,,,,,17238,656,0,6270,4276,10360,3900,2936,1236,972
198419,Duke University,2017,Doctoral Universities: Highest Research Activity,North Carolina,Private not-for-profit,Not a Land Grant Institution,15329,801,15635,0,1879,2700,683,338,0,95,,,,,,,,70127,60719,0,13232,5061,15510,3260,17799,5279,3922
198464,East Carolina University,2017,Doctoral Universities: Higher Research Activity,North Carolina,Public,Not a Land Grant Institution,22652,6479,25132,0,4789,1313,74,192,0,62,11707,972,1279,1841,738,2597,1616,,,,,,,,5601,1770,1480
198561,Gardner-Webb University,2017,Doctoral Universities: Moderate Research Activity,North Carolina,Private not-for-profit,Not a Land Grant Institution,1985,1833,2690,28,560,403,81,0,0,49,,,,,,,,8982,0,0,930,5151,3829,468,557,218,218
199102,North Carolina A & T State University,2017,Doctoral Universities: Higher Research Activity,North Carolina,Public,Land Grant Institution,10248,1629,10879,0,1516,395,63,0,0,43,8508,3016,794,3168,822,2681,1823,,,,,,,,1728,564,544
199120,University of North Carolina at Chapel Hill,2017,Doctoral Universities: Highest Research Activity,North Carolina,Public,Not a Land Grant Institution,25108,4803,26869,0,4557,2187,566,683,0,91,27735,22830,5325,6053,1936,7568,5846,,,,,,,,13199,4642,2125
199139,University of North Carolina at Charlotte,2017,Doctoral Universities: Higher Research Activity,North Carolina,Public,Not a Land Grant Institution,23098,6219,25486,0,5086,1563,129,8,0,54,9534,1145,174,2369,1163,1745,1646,,,,,,,,3639,1272,1238
199148,University of North Carolina at Greensboro,2017,Doctoral Universities: Higher Research Activity,North Carolina,Public,Not a Land Grant Institution,15788,4134,17380,0,3106,849,127,22,0,54,8944,1103,482,2656,1470,1993,1826,,,,,,,,2637,910,908
199193,North Carolina State University at Raleigh,2017,Doctoral Universities: Highest Research Activity,North Carolina,Public,Land Grant Institution,27415,7017,30069,157,5630,2717,538,95,0,79,16772,11255,4716,3469,1365,3780,1625,,,,,,,,8946,2517,1830
199847,Wake Forest University,2017,Doctoral Universities: Higher Research Activity,North Carolina,Private not-for-profit,Not a Land Grant Institution,7648,468,7827,0,1137,899,64,293,0,88,,,,,,,,28205,21162,2879,93332,4158,14613,0,6256,2143,1908
200280,University of North Dakota,2017,Doctoral Universities: Higher Research Activity,North Dakota,Public,Not a Land Grant Institution,10275,4131,11873,0,2189,789,91,181,0,54,17641,3969,1712,3234,3126,2219,500,,,,,,,,2551,847,842
200332,North Dakota State University-Main Campus,2017,Doctoral Universities: Higher Research Activity,North Dakota,Public,Land Grant Institution,11768,2590,12755,0,2298,451,94,92,0,58,9412,8475,3126,2888,3352,1535,647,,,,,,,,2435,913,584
200697,Air Force Institute of Technology-Graduate School of Engineering & Management,2017,Doctoral Universities: Moderate Research Activity,Ohio,Public,Not a Land Grant Institution,586,312,699,0,0,304,44,0,0,,,,,,,,,,,,,,,,,,
200800,University of Akron Main Campus,2017,Doctoral Universities: Higher Research Activity,Ohio,Public,Not a Land Grant Institution,15626,4543,17408,585,3032,1116,143,146,0,38,10572,1807,425,2201,938,2262,1313,,,,,,,,2229,925,925
201104,Ashland University,2017,Doctoral Universities: Moderate Research Activity,Ohio,Private not-for-profit,Not a Land Grant Institution,4446,2025,5235,7,647,625,8,17,0,60,,,,,,,,8091,0,37,1235,4263,4682,0,800,286,286
201441,Bowling Green State University-Main Campus,2017,Doctoral Universities: Higher Research Activity,Ohio,Public,Not a Land Grant Institution,14430,2927,15555,0,2946,860,86,0,0,53,9390,514,341,2008,1198,2435,1508,,,,,,,,2115,881,874
201645,Case Western Reserve University,2017,Doctoral Universities: Highest Research Activity,Ohio,Private not-for-profit,Not a Land Grant Institution,10464,1360,10985,0,1248,1451,206,451,0,83,,,,,,,,29979,34856,0,2093,2866,11436,0,4470,1940,1379
201885,University of Cincinnati-Main Campus,2017,Doctoral Universities: Highest Research Activity,Ohio,Public,Not a Land Grant Institution,28080,9075,31527,42,5414,3147,233,426,0,69,11854,6129,2611,4227,2167,4616,1009,,,,,,,,6795,2761,2525
202134,Cleveland State University,2017,Doctoral Universities: Higher Research Activity,Ohio,Public,Not a Land Grant Institution,11330,5041,13271,0,2509,1371,51,153,0,43,9773,902,638,2684,1799,2847,1816,,,,,,,,1833,742,742
202480,University of Dayton,2017,Doctoral Universities: Higher Research Activity,Ohio,Private not-for-profit,Not a Land Grant Institution,9811,1071,10225,0,1840,762,39,130,0,79,,,,,,,,12533,12985,21,4009,3002,3364,0,2735,746,746
203517,Kent State University at Kent,2017,Doctoral Universities: Higher Research Activity,Ohio,Public,Not a Land Grant Institution,22247,6725,24850,0,5327,2194,170,131,0,58,8971,646,573,2597,1257,2983,1082,,,,,,,,3669,1303,1303
204024,Miami University-Oxford,2017,Doctoral Universities: Higher Research Activity,Ohio,Public,Not a Land Grant Institution,17602,2098,18383,0,4009,727,60,0,0,79,11720,781,206,3635,1683,2939,1520,,,,,,,,3338,1096,1057
204796,Ohio State University-Main Campus,2017,Doctoral Universities: Highest Research Activity,Ohio,Public,Land Grant Institution,52057,7780,55036,2,10840,2830,818,783,0,83,18302,9740,3458,4023,1898,4902,2495,,,,,,,,30336,4511,4408
204857,Ohio University-Main Campus,2017,Doctoral Universities: Higher Research Activity,Ohio,Public,Not a Land Grant Institution,20805,8564,24132,90,6720,1708,137,184,0,64,11004,1838,1247,3334,2314,2603,531,,,,,,,,3824,1218,1218
206084,University of Toledo,2017,Doctoral Universities: Higher Research Activity,Ohio,Public,Not a Land Grant Institution,16162,4417,17891,83,2800,994,113,389,18,41,14015,2371,616,3421,1453,3849,1185,,,,,,,,3115,1151,879
206279,Union Institute & University,2017,Doctoral Universities: Moderate Research Activity,Ohio,Private not-for-profit,Not a Land Grant Institution,637,448,812,0,489,77,36,0,0,0,,,,,,,,6638,96,0,3424,2728,3577,2031,238,116,116
206604,Wright State University-Main Campus,2017,Doctoral Universities: Moderate Research Activity,Ohio,Public,Not a Land Grant Institution,10780,5177,12765,0,2208,1268,50,122,0,36,10860,2566,1412,3238,1579,2769,4513,,,,,,,,2211,915,915
207388,Oklahoma State University-Main Campus,2017,Doctoral Universities: Higher Research Activity,Oklahoma,Public,Land Grant Institution,19933,5362,21988,0,4525,1043,223,74,0,62,9155,5959,3136,3464,1158,1277,2486,,,,,,,,5105,1431,1233
207500,University of Oklahoma-Norman Campus,2017,Doctoral Universities: Highest Research Activity,Oklahoma,Public,Not a Land Grant Institution,22128,6399,24567,0,4172,1719,213,158,0,67,12733,5011,2183,4054,1401,3118,2771,,,,,,,,5626,1671,1288
207971,University of Tulsa,2017,Doctoral Universities: Higher Research Activity,Oklahoma,Private not-for-profit,Not a Land Grant Institution,3934,499,4126,0,752,291,43,88,0,69,,,,,,,,15648,4648,1808,7568,3110,6697,0,1257,385,385
209542,Oregon State University,2017,Doctoral Universities: Highest Research Activity,Oregon,Public,Land Grant Institution,22402,8494,25768,0,5145,941,259,121,0,65,11155,7980,4131,3065,1303,3266,4005,,,,,,,,5555,2257,1496
209551,University of Oregon,2017,Doctoral Universities: Highest Research Activity,Oregon,Public,Not a Land Grant Institution,20944,1943,21711,0,4775,932,200,105,0,72,14187,3357,2175,3089,2164,3597,1795,,,,,,,,4667,1740,1250
209807,Portland State University,2017,Doctoral Universities: Higher Research Activity,Oregon,Public,Not a Land Grant Institution,16624,10069,20566,0,4408,1593,78,0,0,49,9389,2156,1238,2076,1053,2674,1762,,,,,,,,2730,1229,1078
211440,Carnegie Mellon University,2017,Doctoral Universities: Highest Research Activity,Pennsylvania,Private not-for-profit,Not a Land Grant Institution,12972,897,13317,0,1351,2943,288,0,0,89,,,,,,,,32874,16077,0,9884,4403,10611,493,5234,1479,1335
212054,Drexel University,2017,Doctoral Universities: Higher Research Activity,Pennsylvania,Private not-for-profit,Not a Land Grant Institution,18014,6176,20395,2,3735,2422,226,472,0,71,,,,,,,,16047,7213,154,8470,3625,7168,1206,4986,1869,1777
212106,Duquesne University,2017,Doctoral Universities: Higher Research Activity,Pennsylvania,Private not-for-profit,Not a Land Grant Institution,8708,482,8893,0,1539,711,78,377,0,80,,,,,,,,11810,1732,634,4322,1786,5148,113,1816,667,667
213011,Immaculata University,2017,Doctoral Universities: Moderate Research Activity,Pennsylvania,Private not-for-profit,Not a Land Grant Institution,1065,1416,1612,9,427,169,67,18,0,62,,,,,,,,7563,0,0,1283,4641,6563,0,362,146,146
213020,Indiana University of Pennsylvania-Main Campus,2017,Doctoral Universities: Moderate Research Activity,Pennsylvania,Public,Not a Land Grant Institution,10445,1986,11194,3,2270,663,109,15,0,56,10659,119,710,2394,2018,2852,900,,,,,,,,1384,623,604
213543,Lehigh University,2017,Doctoral Universities: Higher Research Activity,Pennsylvania,Private not-for-profit,Not a Land Grant Institution,6233,784,6533,0,1225,589,101,0,0,86,,,,,,,,22598,6510,390,5282,5435,10564,0,1814,575,575
214777,Pennsylvania State University-Main Campus,2017,Doctoral Universities: Highest Research Activity,Pennsylvania,Public,Land Grant Institution,45336,1783,46025,6,11174,1411,695,114,0,85,,,,,,,,21405,12813,1516,6230,3126,5791,1073,13850,3798,3056
215062,University of Pennsylvania,2017,Doctoral Universities: Highest Research Activity,Pennsylvania,Private not-for-profit,Not a Land Grant Institution,21599,3768,23052,0,2910,3836,585,698,0,96,,,,,,,,52333,31149,1589,37841,4076,10982,6990,17435,5850,2185
215293,University of Pittsburgh-Pittsburgh Campus,2017,Doctoral Universities: Highest Research Activity,Pennsylvania,Public,Not a Land Grant Institution,25797,2845,26865,12,4527,2280,416,657,0,82,,,,,,,,18033,23728,2849,8294,5063,4495,0,12224,5184,4325
215655,Robert Morris University,2017,Doctoral Universities: Moderate Research Activity,Pennsylvania,Private not-for-profit,Not a Land Grant Institution,3840,1236,4317,0,974,339,27,32,0,61,,,,,,,,8590,0,26,2465,4422,4398,0,698,286,286
216339,Temple University,2017,Doctoral Universities: Highest Research Activity,Pennsylvania,Public,Not a Land Grant Institution,34253,5714,36443,1,6267,1645,274,909,0,71,,,,,,,,13574,5662,618,4535,2190,3976,350,7542,2770,2770
216597,Villanova University,2017,Doctoral Universities: Moderate Research Activity,Pennsylvania,Private not-for-profit,Not a Land Grant Institution,7786,3181,9006,0,1726,1279,27,164,0,90,,,,,,,,15510,674,0,4956,6016,5634,0,2399,802,791
216852,Widener University,2017,Doctoral Universities: Moderate Research Activity,Pennsylvania,Private not-for-profit,Not a Land Grant Institution,4365,2153,5193,28,746,455,51,257,0,57,,,,,,,,12193,78,86,2542,3384,3381,0,1024,405,405
217156,Brown University,2017,Doctoral Universities: Highest Research Activity,Rhode Island,Private not-for-profit,Not a Land Grant Institution,9495,600,9728,0,1561,633,210,121,0,95,,,,,,,,34733,13424,303,13809,8744,10959,2004,4163,1315,901
217484,University of Rhode Island,2017,Doctoral Universities: Higher Research Activity,Rhode Island,Public,Land Grant Institution,14426,3663,15855,0,3343,547,100,116,40,66,8692,5764,633,3656,2453,3297,1629,,,,,,,,2760,907,886
217882,Clemson University,2017,Doctoral Universities: Highest Research Activity,South Carolina,Public,Land Grant Institution,21491,2896,22570,0,4166,1325,231,0,0,82,13049,8370,3644,2810,2161,2171,2254,,,,,,,,4993,1689,1287
218663,University of South Carolina-Columbia,2017,Doctoral Universities: Highest Research Activity,South Carolina,Public,Not a Land Grant Institution,31071,3660,32442,6,5658,1802,317,444,0,75,12407,4588,1939,2578,1813,2629,610,,,,,,,,6520,2009,1914
219356,South Dakota State University,2017,Doctoral Universities: Higher Research Activity,South Dakota,Public,Land Grant Institution,8973,3543,10357,75,1965,311,54,90,0,55,8731,5724,2962,1660,2712,2720,802,,,,,,,,1895,815,602
219471,University of South Dakota,2017,Doctoral Universities: Higher Research Activity,South Dakota,Public,Not a Land Grant Institution,6198,4063,7782,42,1233,596,47,177,0,55,10182,1948,1747,4295,2484,2558,1429,,,,,,,,1384,508,503
219976,Lipscomb University,2017,Doctoral Universities: Moderate Research Activity,Tennessee,Private not-for-profit,Not a Land Grant Institution,4214,428,4380,0,687,531,39,72,0,59,,,,,,,,11232,0,592,3188,4417,6387,0,897,317,313
220075,East Tennessee State University,2017,Doctoral Universities: Moderate Research Activity,Tennessee,Public,Not a Land Grant Institution,11532,2821,12623,0,2326,713,145,155,0,41,12381,824,2018,2391,2046,1624,5075,,,,,,,,2490,966,884
220862,University of Memphis,2017,Doctoral Universities: Higher Research Activity,Tennessee,Public,Not a Land Grant Institution,14275,7246,17105,0,3101,963,162,101,0,43,9820,3127,832,1961,3872,1831,1636,,,,,,,,2796,1090,1057
220978,Middle Tennessee State University,2017,Doctoral Universities: Moderate Research Activity,Tennessee,Public,Not a Land Grant Institution,16575,5338,18661,0,4137,792,75,0,0,44,9248,428,525,1846,2459,1419,1611,,,,,,,,2298,1034,1013
221759,The University of Tennessee-Knoxville,2017,Doctoral Universities: Highest Research Activity,Tennessee,Public,Land Grant Institution,24729,3592,26085,0,4651,1545,381,181,0,70,13853,8527,5417,3575,2117,4453,1370,,,,,,,,7701,1798,1628
221838,Tennessee State University,2017,Doctoral Universities: Moderate Research Activity,Tennessee,Public,Land Grant Institution,6129,2048,6915,101,1063,440,73,0,0,29,8732,2127,2013,1496,2709,2421,3633,,,,,,,,1413,461,411
221847,Tennessee Technological University,2017,Doctoral Universities: Moderate Research Activity,Tennessee,Public,Not a Land Grant Institution,8552,1952,9304,0,2115,367,23,0,0,49,8634,1202,703,1622,2589,1892,1378,,,,,,,,1239,512,498
221892,Trevecca Nazarene University,2017,Doctoral Universities: Moderate Research Activity,Tennessee,Private not-for-profit,Not a Land Grant Institution,1631,1989,2401,12,413,299,51,0,0,54,,,,,,,,6139,0,0,1283,4102,2572,0,408,147,147
221971,Union University,2017,Doctoral Universities: Moderate Research Activity,Tennessee,Private not-for-profit,Not a Land Grant Institution,2242,1135,2682,6,568,305,88,53,0,68,,,,,,,,11391,0,0,1706,2551,1937,0,522,280,280
221999,Vanderbilt University,2017,Doctoral Universities: Highest Research Activity,Tennessee,Private not-for-profit,Not a Land Grant Institution,11782,810,12092,0,1716,1487,337,346,0,92,,,,,,,,32176,15287,2800,11258,10970,15043,0,5765,1609,1296
223232,Baylor University,2017,Doctoral Universities: Higher Research Activity,Texas,Private not-for-profit,Not a Land Grant Institution,16308,751,16597,0,3127,814,110,179,0,77,,,,,,,,15390,1679,534,3206,9265,5774,0,2962,1185,1172
224147,Texas A & M University-Corpus Christi,2017,Doctoral Universities: Moderate Research Activity,Texas,Public,Not a Land Grant Institution,9791,2441,10750,0,1672,615,38,0,0,36,6977,2627,417,3010,1178,1724,4040,,,,,,,,1269,576,513
224226,Dallas Baptist University,2017,Doctoral Universities: Moderate Research Activity,Texas,Private not-for-profit,Not a Land Grant Institution,3168,1899,3901,16,670,541,45,0,0,58,,,,,,,,9816,0,0,1321,6340,4196,0,460,131,131
224554,Texas A & M University-Commerce,2017,Doctoral Universities: Higher Research Activity,Texas,Public,Not a Land Grant Institution,7358,5886,9588,0,1674,1680,33,0,0,42,7044,384,373,1284,1570,1622,4304,,,,,,,,968,456,455
225511,University of Houston,2017,Doctoral Universities: Highest Research Activity,Texas,Public,Not a Land Grant Institution,33123,12241,37971,0,6726,1938,358,451,0,54,7877,4778,1273,5547,1113,2055,2580,,,,,,,,5239,1643,1541
226091,Lamar University,2017,Doctoral Universities: Moderate Research Activity,Texas,Public,Not a Land Grant Institution,6520,7986,9547,0,1666,2227,86,7,0,30,5402,240,140,2631,720,1845,2947,,,,,,,,1404,534,533
227216,University of North Texas,2017,Doctoral Universities: Highest Research Activity,Texas,Public,Not a Land Grant Institution,28602,9674,32346,0,6895,1700,268,11,0,54,6155,695,307,1818,2319,1123,6947,,,,,,,,3676,1335,1266
227368,The University of Texas Rio Grande Valley,2017,Doctoral Universities: Moderate Research Activity,Texas,Public,Not a Land Grant Institution,19860,7949,22968,0,3975,1234,15,0,0,45,7317,1102,1039,2201,1516,2347,3315,,,,,,,,3405,1282,1236
227526,Prairie View A & M University,2017,Doctoral Universities: Moderate Research Activity,Texas,Public,Land Grant Institution,7881,1338,8391,0,1108,469,15,0,0,35,7537,2240,1313,3233,2482,2734,4659,,,,,,,,1140,537,461
227757,Rice University,2017,Doctoral Universities: Highest Research Activity,Texas,Private not-for-profit,Not a Land Grant Institution,6697,325,6822,0,1008,849,215,0,0,91,,,,,,,,42825,16359,0,5252,10262,6769,3423,3088,742,733
227881,Sam Houston State University,2017,Doctoral Universities: Moderate Research Activity,Texas,Public,Not a Land Grant Institution,15419,5519,17566,0,3731,901,69,0,0,51,6570,318,743,2766,1755,1346,3161,,,,,,,,2147,863,842
228246,Southern Methodist University,2017,Doctoral Universities: Higher Research Activity,Texas,Private not-for-profit,Not a Land Grant Institution,9053,2736,10101,0,1778,1814,89,236,0,81,,,,,,,,17462,2560,1062,6059,4478,9998,577,2483,966,891
228459,Texas State University,2017,Doctoral Universities: Higher Research Activity,Texas,Public,Not a Land Grant Institution,30599,8067,33775,0,7095,1282,40,39,0,54,7145,1955,149,1859,1252,1263,3779,,,,,,,,3910,1581,1458
228705,Texas A & M University-Kingsville,2017,Doctoral Universities: Moderate Research Activity,Texas,Public,Not a Land Grant Institution,6095,2579,7102,0,1034,1182,23,0,0,35,7342,2829,145,2312,2363,1788,4104,,,,,,,,952,416,416
228723,Texas A & M University-College Station,2017,Doctoral Universities: Highest Research Activity,Texas,Public,Land Grant Institution,58523,9406,62190,0,11378,3217,761,682,0,82,15658,12541,4168,4827,1672,2531,7082,,,,,,,,10058,3685,3302
228769,The University of Texas at Arlington,2017,Doctoral Universities: Highest Research Activity,Texas,Public,Not a Land Grant Institution,22090,24407,31566,0,8049,4134,207,13,0,50,5326,2246,230,1226,2143,1277,2389,,,,,,,,3139,1297,1200
228778,The University of Texas at Austin,2017,Doctoral Universities: Highest Research Activity,Texas,Public,Not a Land Grant Institution,47980,3545,49377,0,10105,2976,827,457,0,83,18022,12140,3057,8744,1458,3843,5504,,,,,,,,13805,2802,2802
228787,The University of Texas at Dallas,2017,Doctoral Universities: Highest Research Activity,Texas,Public,Not a Land Grant Institution,21666,5976,23960,0,3434,3436,201,10,0,69,10283,4512,471,3436,1053,2084,3933,,,,,,,,3277,1104,976
228796,The University of Texas at El Paso,2017,Doctoral Universities: Higher Research Activity,Texas,Public,Not a Land Grant Institution,15436,9642,19230,0,3397,1026,106,32,0,41,7663,4348,513,1447,1162,1725,4354,,,,,,,,2545,926,882
228875,Texas Christian University,2017,Doctoral Universities: Higher Research Activity,Texas,Private not-for-profit,Not a Land Grant Institution,10092,397,10247,0,2099,496,35,81,0,83,,,,,,,,16985,1056,0,3753,3987,4047,1283,2287,793,778
229027,The University of Texas at San Antonio,2017,Doctoral Universities: Higher Research Activity,Texas,Public,Not a Land Grant Institution,23406,7362,26275,0,4733,1190,126,0,0,37,7043,2698,925,2806,1412,1968,5395,,,,,,,,3438,1108,993
229063,Texas Southern University,2017,Doctoral Universities: Moderate Research Activity,Texas,Public,Not a Land Grant Institution,8363,1874,9094,0,1002,361,45,242,0,23,11105,547,236,1709,1610,3472,3090,,,,,,,,1181,486,486
229115,Texas Tech University,2017,Doctoral Universities: Highest Research Activity,Texas,Public,Not a Land Grant Institution,31239,5757,33464,0,5574,1557,358,199,0,59,7193,5789,476,3055,1515,1615,2757,,,,,,,,4912,1841,1645
229179,Texas Woman's University,2017,Doctoral Universities: Moderate Research Activity,Texas,Public,Not a Land Grant Institution,9057,6416,11518,0,2181,1349,116,122,0,36,6923,355,109,2159,1157,1719,829,,,,,,,,1470,601,601
230038,Brigham Young University-Provo,2017,Doctoral Universities: Higher Research Activity,Utah,Private not-for-profit,Not a Land Grant Institution,30037,4297,31712,0,6199,1050,93,130,0,83,,,,,,,,14412,1468,1335,1937,1567,2899,0,4588,1498,1451
230728,Utah State University,2017,Doctoral Universities: Higher Research Activity,Utah,Public,Land Grant Institution,18277,9402,21989,1451,3846,838,95,2,0,50,9489,7084,2993,2091,1323,2742,1612,,,,,,,,3346,1083,987
230764,University of Utah,2017,Doctoral Universities: Highest Research Activity,Utah,Public,Not a Land Grant Institution,24275,8525,27633,0,5214,2140,339,451,0,67,15420,11048,28306,4270,1258,4968,3322,,,,,,,,12415,4183,1798
231174,University of Vermont,2017,Doctoral Universities: Higher Research Activity,Vermont,Public,Land Grant Institution,11871,1469,12442,0,2390,386,69,153,0,75,16636,8027,6031,5979,4342,3765,3654,,,,,,,,3758,1481,1308
231624,College of William and Mary,2017,Doctoral Universities: Higher Research Activity,Virginia,Public,Not a Land Grant Institution,7965,775,8249,0,1591,652,85,208,0,92,15105,7247,36,5009,1999,5110,4819,,,,,,,,2537,798,765
231651,Regent University,2017,Doctoral Universities: Moderate Research Activity,Virginia,Private not-for-profit,Not a Land Grant Institution,3436,6052,5770,14,525,900,191,172,0,61,,,,,,,,4269,5,105,1156,6709,2488,1790,720,164,164
232186,George Mason University,2017,Doctoral Universities: Highest Research Activity,Virginia,Public,Not a Land Grant Institution,24648,11336,28949,0,5312,2758,283,152,0,71,12247,2847,767,2613,1228,2040,958,,,,,,,,4391,1893,1721
232557,Liberty University,2017,Doctoral Universities: Moderate Research Activity,Virginia,Private not-for-profit,Not a Land Grant Institution,37806,37238,52237,1273,8217,8057,255,58,0,47,,,,,,,,2832,11,136,835,2917,2971,0,5474,1732,1732
232982,Old Dominion University,2017,Doctoral Universities: Higher Research Activity,Virginia,Public,Not a Land Grant Institution,16668,7707,19644,0,4015,973,155,75,0,54,9932,706,33,2467,1074,1980,1737,,,,,,,,2779,1077,1051
233541,Shenandoah University,2017,Doctoral Universities: Moderate Research Activity,Virginia,Private not-for-profit,Not a Land Grant Institution,2943,901,3288,0,518,245,100,153,0,63,,,,,,,,10110,0,288,2962,2961,3811,0,753,323,323
233921,Virginia Polytechnic Institute and State University,2017,Doctoral Universities: Highest Research Activity,Virginia,Public,Land Grant Institution,31564,2876,32629,49,5952,1514,516,119,0,84,12599,11019,3436,3092,655,2492,569,,,,,,,,7842,2950,1881
234030,Virginia Commonwealth University,2017,Doctoral Universities: Highest Research Activity,Virginia,Public,Not a Land Grant Institution,25122,5553,27282,0,5149,1451,306,437,0,63,14770,7321,305,3816,877,3150,1254,,,,,,,,6460,2838,2463
234076,University of Virginia-Main Campus,2017,Doctoral Universities: Highest Research Activity,Virginia,Public,Not a Land Grant Institution,22167,2193,22997,0,4015,1776,361,448,0,95,19941,16168,2475,8014,2544,5394,3359,,,,,,,,9214,2699,2333
236577,Seattle Pacific University,2017,Doctoral Universities: Moderate Research Activity,Washington,Private not-for-profit,Not a Land Grant Institution,3135,648,3384,0,846,306,29,0,0,69,,,,,,,,11877,251,783,1797,4650,4574,0,691,275,275
236939,Washington State University,2017,Doctoral Universities: Highest Research Activity,Washington,Public,Land Grant Institution,25851,4763,27704,0,5597,960,315,216,0,62,12085,8161,1647,3665,1361,3764,2304,,,,,,,,6256,1954,1541
236948,University of Washington-Seattle Campus,2017,Doctoral Universities: Highest Research Activity,Washington,Public,Not a Land Grant Institution,40750,5416,42817,0,7738,3884,624,575,138,84,26427,15872,813,8923,1000,4970,2503,,,,,,,,17029,6923,4313
238032,West Virginia University,2017,Doctoral Universities: Highest Research Activity,West Virginia,Public,Land Grant Institution,25154,3252,26405,0,4349,1615,239,437,0,57,10755,4472,2007,1520,1424,4409,7876,,,,,,,,5926,2476,1548
238430,Cardinal Stritch University,2017,Doctoral Universities: Moderate Research Activity,Wisconsin,Private not-for-profit,Not a Land Grant Institution,1146,1209,1615,29,418,371,30,0,0,45,,,,,,,,5751,0,125,3259,2690,5936,83,311,141,141
238661,Edgewood College,2017,Doctoral Universities: Moderate Research Activity,Wisconsin,Private not-for-profit,Not a Land Grant Institution,1501,720,1778,0,400,165,31,6,0,61,,,,,,,,9432,0,312,5096,3340,3680,0,436,196,196
239105,Marquette University,2017,Doctoral Universities: Higher Research Activity,Wisconsin,Private not-for-profit,Not a Land Grant Institution,10191,1235,10666,0,1846,610,54,356,0,80,,,,,,,,11036,2407,463,6021,5419,7955,0,2408,869,819
240444,University of Wisconsin-Madison,2017,Doctoral Universities: Highest Research Activity,Wisconsin,Public,Land Grant Institution,38568,4409,40262,0,6922,2227,873,559,0,87,15681,26424,4316,5089,2505,2430,8348,,,,,,,,15074,4951,3807
240453,University of Wisconsin-Milwaukee,2017,Doctoral Universities: Highest Research Activity,Wisconsin,Public,Not a Land Grant Institution,19726,5262,21767,0,3834,1336,180,65,0,41,9036,2308,1229,2225,2846,1681,2416,,,,,,,,2979,1252,1169
240727,University of Wyoming,2017,Doctoral Universities: Higher Research Activity,Wyoming,Public,Land Grant Institution,9803,2594,10804,0,2204,475,106,126,0,58,15889,7276,3856,3837,1788,5042,5850,,,,,,,,2710,989,726
241410,Pontifical Catholic University of Puerto Rico-Ponce,2017,Doctoral Universities: Moderate Research Activity,Puerto Rico,Private not-for-profit,Not a Land Grant Institution,6088,1293,6589,14,839,197,66,139,0,39,,,,,,,,3457,14,98,427,694,1332,24,794,290,282
242653,Inter American University of Puerto Rico-Metro,2017,Doctoral Universities: Moderate Research Activity,Puerto Rico,Private not-for-profit,Not a Land Grant Institution,6770,1837,7486,134,958,520,52,0,0,38,,,,,,,,3976,0,0,704,663,639,0,697,337,328
243221,University of Puerto Rico-Rio Piedras,2017,Doctoral Universities: Higher Research Activity,Puerto Rico,Public,Not a Land Grant Institution,12896,2202,13751,0,1658,360,126,176,0,58,10086,1315,388,2938,1245,1591,3127,,,,,,,,2613,1119,1022
243601,Universidad Del Turabo,2017,Doctoral Universities: Moderate Research Activity,Puerto Rico,Private not-for-profit,Not a Land Grant Institution,12329,4705,14171,569,1534,801,66,2,0,28,,,,,,,,3481,60,341,448,645,3338,84,1007,474,474
243744,Stanford University,2017,Doctoral Universities: Highest Research Activity,California,Private not-for-profit,Not a Land Grant Institution,16189,1345,16703,0,1669,2398,752,271,0,94,,,,,,,,114844,89525,0,10096,16894,34937,10577,15619,5297,3662
243780,Purdue University-Main Campus,2017,Doctoral Universities: Highest Research Activity,Indiana,Public,Land Grant Institution,36719,5980,38960,54,7045,2151,746,246,0,78,19065,7161,3783,3497,756,3113,1372,,,,,,,,10489,2773,2092
365426,Mayo Clinic Graduate School of Biomedical Sciences,2017,Doctoral Universities: Moderate Research Activity,Minnesota,Private not-for-profit,Not a Land Grant Institution,190,77,219,0,0,27,43,0,0,,,,,,,,,9561,0,0,13854,21712,984,0,149,136,136
367936,Argosy University-Atlanta,2017,Doctoral Universities: Moderate Research Activity,Georgia,Private for-profit,Not a Land Grant Institution,393,936,754,1,63,168,81,13,0,29,,,,,,,,,,,,,,,111,64,64
413413,Capella University,2017,Doctoral Universities: Moderate Research Activity,Minnesota,Private for-profit,Not a Land Grant Institution,2660,33624,15591,0,2020,4789,1178,13,0,0,,,,,,,,,,,,,,,1993,620,620
428268,Argosy University-Tampa,2017,Doctoral Universities: Moderate Research Activity,Florida,Private for-profit,Not a Land Grant Institution,185,282,293,3,14,58,10,20,0,50,,,,,,,,,,,,,,,39,17,17
436438,Argosy University-Orange County,2017,Doctoral Universities: Moderate Research Activity,California,Private for-profit,Not a Land Grant Institution,145,269,249,2,22,53,7,21,0,60,,,,,,,,,,,,,,,45,24,24
437097,University of Management and Technology,2017,Doctoral Universities: Moderate Research Activity,Virginia,Private for-profit,Not a Land Grant Institution,647,529,854,136,657,243,43,0,0,33,,,,,,,,,,,,,,,89,71,71
444130,Northcentral University,2017,Doctoral Universities: Moderate Research Activity,California,Private for-profit,Not a Land Grant Institution,4874,5914,7134,0,33,837,768,0,0,,,,,,,,,,,,,,,,688,201,198
445188,University of California-Merced,2017,Doctoral Universities: Higher Research Activity,California,Public,Not a Land Grant Institution,7886,81,7919,0,1295,29,43,0,0,64,9497,5228,989,4558,4482,9051,2588,,,,,,,,1381,442,365
448734,Argosy University-Denver,2017,Doctoral Universities: Moderate Research Activity,Colorado,Private for-profit,Not a Land Grant Institution,49,350,185,2,20,80,9,2,0,0,,,,,,,,,,,,,,,45,25,25
448886,Arizona State University-Downtown Phoenix,2017,Doctoral Universities: Moderate Research Activity,Arizona,Public,Not a Land Grant Institution,9983,1482,10559,0,2337,615,104,199,0,66,6280,2071,274,2283,956,1179,3905,,,,,,,,1569,689,670
450526,Argosy University-Inland Empire,2017,Doctoral Universities: Moderate Research Activity,California,Private for-profit,Not a Land Grant Institution,164,261,265,7,40,52,11,0,0,38,,,,,,,,,,,,,,,39,19,19
450979,Trident University International,2017,Doctoral Universities: Moderate Research Activity,California,Private for-profit,Not a Land Grant Institution,4473,2509,5459,0,966,1022,57,0,0,26,,,,,,,,,,,,,,,472,189,189
454829,Aspen University,2017,Doctoral Universities: Moderate Research Activity,Colorado,Private for-profit,Not a Land Grant Institution,236,4737,2079,4,170,281,4,0,0,25,,,,,,,,,,,,,,,126,10,10
456348,Argosy University-Phoenix Online Division,2017,Doctoral Universities: Moderate Research Activity,Arizona,Private for-profit,Not a Land Grant Institution,3267,2524,4255,372,637,385,155,0,0,5,,,,,,,,,,,,,,,504,257,257
482149,Augusta University,2017,Doctoral Universities: Higher Research Activity,Georgia,Public,Not a Land Grant Institution,6632,1588,7250,2,934,424,17,376,0,27,21986,6491,6017,7947,1130,12486,1200,,,,,,,,5350,1204,993
483124,Arizona State University-Skysong,2017,Doctoral Universities: Moderate Research Activity,Arizona,Public,Not a Land Grant Institution,11956,19746,19711,0,3083,1947,43,0,0,14,2253,743,98,819,343,423,1401,,,,,,,,1141,813,807
484613,University of Phoenix-Arizona,2017,Doctoral Universities: Moderate Research Activity,Arizona,Private for-profit,Not a Land Grant Institution,103975,0,103975,7290,14254,7239,354,0,0,14,,,,,,,,,,,,,,,6546,2635,2635
486840,Kennesaw State University,2017,Doctoral Universities: Moderate Research Activity,Georgia,Public,Not a Land Grant Institution,25768,10078,29751,0,4770,985,41,0,0,42,6627,64,416,2313,1486,1613,907,,,,,,,,3609,1373,1372
